Color Name,Color Code
Baby Dreams,2083-70
Misty Rose,1360
Countryside Pink,1361
Fashion Rose,1356
Old Claret,2083-30
Cascabel Chile,CSP-445
Bewitched,CSP-450
Primrose Petals,1367
Sweet Naivete,2083-60
Pink Pansy,2083-50
Begonia,2083-40
Berry Fizz,CSP-440
Cranberry Cocktail,2083-20
Raisin Torte,2083-10
I Love You Pink,2077-70
Valentine's Day,2077-60
Pretty Pink,2077-50
Spring Azalea,2077-40
Hot Lips,2077-30
Gypsy Pink,2077-20
Magenta,2077-10
Nursery Pink,2076-70
Dog's Ear,2076-60
Easter Pink,2076-50
Raspberry Mousse,2076-40
Crushed Berries,2076-30
Royal Flush,2076-20
Crushed Velvet,2076-10
Candy Stripe,2079-70
Bermuda Breeze,1345
Wild Heart,1354
Tropical Rose,1355
Razzle Dazzle,1348
Pink Corsage,1349
Chinaberry,1351
Newborn Pink,2078-60
Pink Cherub,2079-60
Pink Begonia,2078-50
Island Sunset,1346
Pink Ladies,1347
Aniline Red,1350
Roseate,2078-10
Pink Peony,2078-70
Pink Petals,2085-60
Rhododendron,2079-50
Springtime Bloom,2079-40
Peony,2079-30
Blushing Red,2079-20
Candy Cane Red,2079-10
Baby Dreams,2083-70
Misty Rose,1360
Countryside Pink,1361
Fashion Rose,1356
Old Claret,2083-30
Cascabel Chile,CSP-445
Bewitched,CSP-450
Primrose Petals,1367
Sweet Naivete,2083-60
Pink Pansy,2083-50
Begonia,2083-40
Berry Fizz,CSP-440
Cranberry Cocktail,2083-20
Raisin Torte,2083-10
I Love You Pink,2077-70
Valentine's Day,2077-60
Pretty Pink,2077-50
Spring Azalea,2077-40
Hot Lips,2077-30
Gypsy Pink,2077-20
Magenta,2077-10
Nursery Pink,2076-70
Dog's Ear,2076-60
Easter Pink,2076-50
Raspberry Mousse,2076-40
Crushed Berries,2076-30
Royal Flush,2076-20
Crushed Velvet,2076-10
Candy Stripe,2079-70
Bermuda Breeze,1345
Wild Heart,1354
Tropical Rose,1355
Razzle Dazzle,1348
Pink Corsage,1349
Chinaberry,1351
Newborn Pink,2078-60
Pink Cherub,2079-60
Pink Begonia,2078-50
Island Sunset,1346
Pink Ladies,1347
Aniline Red,1350
Roseate,2078-10
Pink Peony,2078-70
Pink Petals,2085-60
Rhododendron,2079-50
Springtime Bloom,2079-40
Peony,2079-30
Blushing Red,2079-20
Candy Cane Red,2079-10
Baby Dreams,2083-70
Misty Rose,1360
Countryside Pink,1361
Fashion Rose,1356
Old Claret,2083-30
Cascabel Chile,CSP-445
Bewitched,CSP-450
Primrose Petals,1367
Sweet Naivete,2083-60
Pink Pansy,2083-50
Begonia,2083-40
Berry Fizz,CSP-440
Cranberry Cocktail,2083-20
Raisin Torte,2083-10
I Love You Pink,2077-70
Valentine's Day,2077-60
Pretty Pink,2077-50
Spring Azalea,2077-40
Hot Lips,2077-30
Gypsy Pink,2077-20
Magenta,2077-10
Nursery Pink,2076-70
Dog's Ear,2076-60
Easter Pink,2076-50
Raspberry Mousse,2076-40
Crushed Berries,2076-30
Royal Flush,2076-20
Crushed Velvet,2076-10
Candy Stripe,2079-70
Bermuda Breeze,1345
Wild Heart,1354
Tropical Rose,1355
Razzle Dazzle,1348
Pink Corsage,1349
Chinaberry,1351
Newborn Pink,2078-60
Pink Cherub,2079-60
Pink Begonia,2078-50
Island Sunset,1346
Pink Ladies,1347
Aniline Red,1350
Roseate,2078-10
Pink Peony,2078-70
Pink Petals,2085-60
Rhododendron,2079-50
Springtime Bloom,2079-40
Peony,2079-30
Blushing Red,2079-20
Candy Cane Red,2079-10
Baby Dreams,2083-70
Misty Rose,1360
Countryside Pink,1361
Fashion Rose,1356
Old Claret,2083-30
Cascabel Chile,CSP-445
Bewitched,CSP-450
Primrose Petals,1367
Sweet Naivete,2083-60
Pink Pansy,2083-50
Begonia,2083-40
Berry Fizz,CSP-440
Cranberry Cocktail,2083-20
Raisin Torte,2083-10
I Love You Pink,2077-70
Valentine's Day,2077-60
Pretty Pink,2077-50
Spring Azalea,2077-40
Hot Lips,2077-30
Gypsy Pink,2077-20
Magenta,2077-10
Nursery Pink,2076-70
Dog's Ear,2076-60
Easter Pink,2076-50
Raspberry Mousse,2076-40
Crushed Berries,2076-30
Royal Flush,2076-20
Crushed Velvet,2076-10
Candy Stripe,2079-70
Bermuda Breeze,1345
Wild Heart,1354
Tropical Rose,1355
Razzle Dazzle,1348
Pink Corsage,1349
Chinaberry,1351
Newborn Pink,2078-60
Pink Cherub,2079-60
Pink Begonia,2078-50
Island Sunset,1346
Pink Ladies,1347
Aniline Red,1350
Roseate,2078-10
Pink Peony,2078-70
Pink Petals,2085-60
Rhododendron,2079-50
Springtime Bloom,2079-40
Peony,2079-30
Blushing Red,2079-20
Candy Cane Red,2079-10
Baby Dreams,2083-70
Misty Rose,1360
Countryside Pink,1361
Fashion Rose,1356
Old Claret,2083-30
Cascabel Chile,CSP-445
Bewitched,CSP-450
Primrose Petals,1367
Sweet Naivete,2083-60
Pink Pansy,2083-50
Begonia,2083-40
Berry Fizz,CSP-440
Cranberry Cocktail,2083-20
Raisin Torte,2083-10
I Love You Pink,2077-70
Valentine's Day,2077-60
Pretty Pink,2077-50
Spring Azalea,2077-40
Hot Lips,2077-30
Gypsy Pink,2077-20
Magenta,2077-10
Nursery Pink,2076-70
Dog's Ear,2076-60
Easter Pink,2076-50
Raspberry Mousse,2076-40
Crushed Berries,2076-30
Royal Flush,2076-20
Crushed Velvet,2076-10
Candy Stripe,2079-70
Bermuda Breeze,1345
Wild Heart,1354
Tropical Rose,1355
Razzle Dazzle,1348
Pink Corsage,1349
Chinaberry,1351
Newborn Pink,2078-60
Pink Cherub,2079-60
Pink Begonia,2078-50
Island Sunset,1346
Pink Ladies,1347
Aniline Red,1350
Roseate,2078-10
Pink Peony,2078-70
Pink Petals,2085-60
Rhododendron,2079-50
Springtime Bloom,2079-40
Peony,2079-30
Blushing Red,2079-20
Candy Cane Red,2079-10
Baby Dreams,2083-70
Misty Rose,1360
Countryside Pink,1361
Fashion Rose,1356
Old Claret,2083-30
Cascabel Chile,CSP-445
Bewitched,CSP-450
Primrose Petals,1367
Sweet Naivete,2083-60
Pink Pansy,2083-50
Begonia,2083-40
Berry Fizz,CSP-440
Cranberry Cocktail,2083-20
Raisin Torte,2083-10
I Love You Pink,2077-70
Valentine's Day,2077-60
Pretty Pink,2077-50
Spring Azalea,2077-40
Hot Lips,2077-30
Gypsy Pink,2077-20
Magenta,2077-10
Nursery Pink,2076-70
Dog's Ear,2076-60
Easter Pink,2076-50
Raspberry Mousse,2076-40
Crushed Berries,2076-30
Royal Flush,2076-20
Crushed Velvet,2076-10
Candy Stripe,2079-70
Bermuda Breeze,1345
Wild Heart,1354
Tropical Rose,1355
Razzle Dazzle,1348
Pink Corsage,1349
Chinaberry,1351
Newborn Pink,2078-60
Pink Cherub,2079-60
Pink Begonia,2078-50
Island Sunset,1346
Pink Ladies,1347
Aniline Red,1350
Roseate,2078-10
Pink Peony,2078-70
Pink Petals,2085-60
Rhododendron,2079-50
Springtime Bloom,2079-40
Peony,2079-30
Blushing Red,2079-20
Candy Cane Red,2079-10
Baby Dreams,2083-70
Misty Rose,1360
Countryside Pink,1361
Fashion Rose,1356
Old Claret,2083-30
Cascabel Chile,CSP-445
Bewitched,CSP-450
Primrose Petals,1367
Sweet Naivete,2083-60
Pink Pansy,2083-50
Begonia,2083-40
Berry Fizz,CSP-440
Cranberry Cocktail,2083-20
Raisin Torte,2083-10
I Love You Pink,2077-70
Valentine's Day,2077-60
Pretty Pink,2077-50
Spring Azalea,2077-40
Hot Lips,2077-30
Gypsy Pink,2077-20
Magenta,2077-10
Nursery Pink,2076-70
Dog's Ear,2076-60
Easter Pink,2076-50
Raspberry Mousse,2076-40
Crushed Berries,2076-30
Royal Flush,2076-20
Crushed Velvet,2076-10
Candy Stripe,2079-70
Bermuda Breeze,1345
Wild Heart,1354
Tropical Rose,1355
Razzle Dazzle,1348
Pink Corsage,1349
Chinaberry,1351
Newborn Pink,2078-60
Pink Cherub,2079-60
Pink Begonia,2078-50
Island Sunset,1346
Pink Ladies,1347
Aniline Red,1350
Roseate,2078-10
Pink Peony,2078-70
Pink Petals,2085-60
Rhododendron,2079-50
Springtime Bloom,2079-40
Peony,2079-30
Blushing Red,2079-20
Candy Cane Red,2079-10
Baby Dreams,2083-70
Misty Rose,1360
Countryside Pink,1361
Fashion Rose,1356
Old Claret,2083-30
Cascabel Chile,CSP-445
Bewitched,CSP-450
Primrose Petals,1367
Sweet Naivete,2083-60
Pink Pansy,2083-50
Begonia,2083-40
Berry Fizz,CSP-440
Cranberry Cocktail,2083-20
Raisin Torte,2083-10
I Love You Pink,2077-70
Valentine's Day,2077-60
Pretty Pink,2077-50
Spring Azalea,2077-40
Hot Lips,2077-30
Gypsy Pink,2077-20
Magenta,2077-10
Nursery Pink,2076-70
Dog's Ear,2076-60
Easter Pink,2076-50
Raspberry Mousse,2076-40
Crushed Berries,2076-30
Royal Flush,2076-20
Crushed Velvet,2076-10
Candy Stripe,2079-70
Bermuda Breeze,1345
Wild Heart,1354
Tropical Rose,1355
Razzle Dazzle,1348
Pink Corsage,1349
Chinaberry,1351
Newborn Pink,2078-60
Pink Cherub,2079-60
Pink Begonia,2078-50
Island Sunset,1346
Pink Ladies,1347
Aniline Red,1350
Roseate,2078-10
Pink Peony,2078-70
Pink Petals,2085-60
Rhododendron,2079-50
Springtime Bloom,2079-40
Peony,2079-30
Blushing Red,2079-20
Candy Cane Red,2079-10
Baby Dreams,2083-70
Misty Rose,1360
Countryside Pink,1361
Fashion Rose,1356
Old Claret,2083-30
Cascabel Chile,CSP-445
Bewitched,CSP-450
Primrose Petals,1367
Sweet Naivete,2083-60
Pink Pansy,2083-50
Begonia,2083-40
Berry Fizz,CSP-440
Cranberry Cocktail,2083-20
Raisin Torte,2083-10
I Love You Pink,2077-70
Valentine's Day,2077-60
Pretty Pink,2077-50
Spring Azalea,2077-40
Hot Lips,2077-30
Gypsy Pink,2077-20
Magenta,2077-10
Nursery Pink,2076-70
Dog's Ear,2076-60
Easter Pink,2076-50
Raspberry Mousse,2076-40
Crushed Berries,2076-30
Royal Flush,2076-20
Crushed Velvet,2076-10
Candy Stripe,2079-70
Bermuda Breeze,1345
Wild Heart,1354
Tropical Rose,1355
Razzle Dazzle,1348
Pink Corsage,1349
Chinaberry,1351
Newborn Pink,2078-60
Pink Cherub,2079-60
Pink Begonia,2078-50
Island Sunset,1346
Pink Ladies,1347
Aniline Red,1350
Roseate,2078-10
Pink Peony,2078-70
Pink Petals,2085-60
Rhododendron,2079-50
Springtime Bloom,2079-40
Peony,2079-30
Blushing Red,2079-20
Candy Cane Red,2079-10
Baby Dreams,2083-70
Misty Rose,1360
Countryside Pink,1361
Fashion Rose,1356
Old Claret,2083-30
Cascabel Chile,CSP-445
Bewitched,CSP-450
Primrose Petals,1367
Sweet Naivete,2083-60
Pink Pansy,2083-50
Begonia,2083-40
Berry Fizz,CSP-440
Cranberry Cocktail,2083-20
Raisin Torte,2083-10
I Love You Pink,2077-70
Valentine's Day,2077-60
Pretty Pink,2077-50
Spring Azalea,2077-40
Hot Lips,2077-30
Gypsy Pink,2077-20
Magenta,2077-10
Nursery Pink,2076-70
Dog's Ear,2076-60
Easter Pink,2076-50
Raspberry Mousse,2076-40
Crushed Berries,2076-30
Royal Flush,2076-20
Crushed Velvet,2076-10
Candy Stripe,2079-70
Bermuda Breeze,1345
Wild Heart,1354
Tropical Rose,1355
Razzle Dazzle,1348
Pink Corsage,1349
Chinaberry,1351
Newborn Pink,2078-60
Pink Cherub,2079-60
Pink Begonia,2078-50
Island Sunset,1346
Pink Ladies,1347
Aniline Red,1350
Roseate,2078-10
Pink Peony,2078-70
Pink Petals,2085-60
Rhododendron,2079-50
Springtime Bloom,2079-40
Peony,2079-30
Blushing Red,2079-20
Candy Cane Red,2079-10
Coastal Cottage,1164
Conch Shell,052
Salmon Mousse,046
Savannah Clay,047
Spoonful of Sugar,041
Baked Clay,035
Cinnamon,2174-20
Bashful,1171
Odessa Pink,HC-59
Chippendale Rosetone,HC-58
Palazzo Pink,1193
Santa Rosa,1189
Salmon Stream,2173-30
Brownberry,CSP-1125
Blanched Coral,886
August Sunrise,030
Georgia Peach,031
Coral Rock,032
Golden Gate,033
Tropical Fruit,CSP-1115
Strawberry Field,2088-30
Peach Parfait,2175-70
Soft Shell,015
Pale Pink Satin,008
Bermuda Pink,016
Phoenix Sand,017
Pink Polka Dot,004
Picante,006
Bridal Pink,2013-70
Pink Harmony,2013-60
Salmon Peach,2013-50
Pink Paradise,003
Coral Reef,012
Fan Coral,013
Soft Glow,014
Soft White,2170-70
Sunlit Coral,2170-60
Teacup Rose,2170-50
Summer Sun Pink,2012-40
Starburst Orange,2010-30
Warm Comfort,2010-20
Tomato Red,2010-10
Sun Washed,2169-70
Peach Cloud,2169-60
Malibu Peach,2169-50
Dusk Pink,2013-40
Tucson Coral,005
Piñata,007
Orange,2011-10
Coastal Cottage,1164
Conch Shell,052
Salmon Mousse,046
Savannah Clay,047
Spoonful of Sugar,041
Baked Clay,035
Cinnamon,2174-20
Bashful,1171
Odessa Pink,HC-59
Chippendale Rosetone,HC-58
Palazzo Pink,1193
Santa Rosa,1189
Salmon Stream,2173-30
Brownberry,CSP-1125
Blanched Coral,886
August Sunrise,030
Georgia Peach,031
Coral Rock,032
Golden Gate,033
Tropical Fruit,CSP-1115
Strawberry Field,2088-30
Peach Parfait,2175-70
Soft Shell,015
Pale Pink Satin,008
Bermuda Pink,016
Phoenix Sand,017
Pink Polka Dot,004
Picante,006
Bridal Pink,2013-70
Pink Harmony,2013-60
Salmon Peach,2013-50
Pink Paradise,003
Coral Reef,012
Fan Coral,013
Soft Glow,014
Soft White,2170-70
Sunlit Coral,2170-60
Teacup Rose,2170-50
Summer Sun Pink,2012-40
Starburst Orange,2010-30
Warm Comfort,2010-20
Tomato Red,2010-10
Sun Washed,2169-70
Peach Cloud,2169-60
Malibu Peach,2169-50
Dusk Pink,2013-40
Tucson Coral,005
Piñata,007
Orange,2011-10
Coastal Cottage,1164
Conch Shell,052
Salmon Mousse,046
Savannah Clay,047
Spoonful of Sugar,041
Baked Clay,035
Cinnamon,2174-20
Bashful,1171
Odessa Pink,HC-59
Chippendale Rosetone,HC-58
Palazzo Pink,1193
Santa Rosa,1189
Salmon Stream,2173-30
Brownberry,CSP-1125
Blanched Coral,886
August Sunrise,030
Georgia Peach,031
Coral Rock,032
Golden Gate,033
Tropical Fruit,CSP-1115
Strawberry Field,2088-30
Peach Parfait,2175-70
Soft Shell,015
Pale Pink Satin,008
Bermuda Pink,016
Phoenix Sand,017
Pink Polka Dot,004
Picante,006
Bridal Pink,2013-70
Pink Harmony,2013-60
Salmon Peach,2013-50
Pink Paradise,003
Coral Reef,012
Fan Coral,013
Soft Glow,014
Soft White,2170-70
Sunlit Coral,2170-60
Teacup Rose,2170-50
Summer Sun Pink,2012-40
Starburst Orange,2010-30
Warm Comfort,2010-20
Tomato Red,2010-10
Sun Washed,2169-70
Peach Cloud,2169-60
Malibu Peach,2169-50
Dusk Pink,2013-40
Tucson Coral,005
Piñata,007
Orange,2011-10
Coastal Cottage,1164
Conch Shell,052
Salmon Mousse,046
Savannah Clay,047
Spoonful of Sugar,041
Baked Clay,035
Cinnamon,2174-20
Bashful,1171
Odessa Pink,HC-59
Chippendale Rosetone,HC-58
Palazzo Pink,1193
Santa Rosa,1189
Salmon Stream,2173-30
Brownberry,CSP-1125
Blanched Coral,886
August Sunrise,030
Georgia Peach,031
Coral Rock,032
Golden Gate,033
Tropical Fruit,CSP-1115
Strawberry Field,2088-30
Peach Parfait,2175-70
Soft Shell,015
Pale Pink Satin,008
Bermuda Pink,016
Phoenix Sand,017
Pink Polka Dot,004
Picante,006
Bridal Pink,2013-70
Pink Harmony,2013-60
Salmon Peach,2013-50
Pink Paradise,003
Coral Reef,012
Fan Coral,013
Soft Glow,014
Soft White,2170-70
Sunlit Coral,2170-60
Teacup Rose,2170-50
Summer Sun Pink,2012-40
Starburst Orange,2010-30
Warm Comfort,2010-20
Tomato Red,2010-10
Sun Washed,2169-70
Peach Cloud,2169-60
Malibu Peach,2169-50
Dusk Pink,2013-40
Tucson Coral,005
Piñata,007
Orange,2011-10
Coastal Cottage,1164
Conch Shell,052
Salmon Mousse,046
Savannah Clay,047
Spoonful of Sugar,041
Baked Clay,035
Cinnamon,2174-20
Bashful,1171
Odessa Pink,HC-59
Chippendale Rosetone,HC-58
Palazzo Pink,1193
Santa Rosa,1189
Salmon Stream,2173-30
Brownberry,CSP-1125
Blanched Coral,886
August Sunrise,030
Georgia Peach,031
Coral Rock,032
Golden Gate,033
Tropical Fruit,CSP-1115
Strawberry Field,2088-30
Peach Parfait,2175-70
Soft Shell,015
Pale Pink Satin,008
Bermuda Pink,016
Phoenix Sand,017
Pink Polka Dot,004
Picante,006
Bridal Pink,2013-70
Pink Harmony,2013-60
Salmon Peach,2013-50
Pink Paradise,003
Coral Reef,012
Fan Coral,013
Soft Glow,014
Soft White,2170-70
Sunlit Coral,2170-60
Teacup Rose,2170-50
Summer Sun Pink,2012-40
Starburst Orange,2010-30
Warm Comfort,2010-20
Tomato Red,2010-10
Sun Washed,2169-70
Peach Cloud,2169-60
Malibu Peach,2169-50
Dusk Pink,2013-40
Tucson Coral,005
Piñata,007
Orange,2011-10
Coastal Cottage,1164
Conch Shell,052
Salmon Mousse,046
Savannah Clay,047
Spoonful of Sugar,041
Baked Clay,035
Cinnamon,2174-20
Bashful,1171
Odessa Pink,HC-59
Chippendale Rosetone,HC-58
Palazzo Pink,1193
Santa Rosa,1189
Salmon Stream,2173-30
Brownberry,CSP-1125
Blanched Coral,886
August Sunrise,030
Georgia Peach,031
Coral Rock,032
Golden Gate,033
Tropical Fruit,CSP-1115
Strawberry Field,2088-30
Peach Parfait,2175-70
Soft Shell,015
Pale Pink Satin,008
Bermuda Pink,016
Phoenix Sand,017
Pink Polka Dot,004
Picante,006
Bridal Pink,2013-70
Pink Harmony,2013-60
Salmon Peach,2013-50
Pink Paradise,003
Coral Reef,012
Fan Coral,013
Soft Glow,014
Soft White,2170-70
Sunlit Coral,2170-60
Teacup Rose,2170-50
Summer Sun Pink,2012-40
Starburst Orange,2010-30
Warm Comfort,2010-20
Tomato Red,2010-10
Sun Washed,2169-70
Peach Cloud,2169-60
Malibu Peach,2169-50
Dusk Pink,2013-40
Tucson Coral,005
Piñata,007
Orange,2011-10
Coastal Cottage,1164
Conch Shell,052
Salmon Mousse,046
Savannah Clay,047
Spoonful of Sugar,041
Baked Clay,035
Cinnamon,2174-20
Bashful,1171
Odessa Pink,HC-59
Chippendale Rosetone,HC-58
Palazzo Pink,1193
Santa Rosa,1189
Salmon Stream,2173-30
Brownberry,CSP-1125
Blanched Coral,886
August Sunrise,030
Georgia Peach,031
Coral Rock,032
Golden Gate,033
Tropical Fruit,CSP-1115
Strawberry Field,2088-30
Peach Parfait,2175-70
Soft Shell,015
Pale Pink Satin,008
Bermuda Pink,016
Phoenix Sand,017
Pink Polka Dot,004
Picante,006
Bridal Pink,2013-70
Pink Harmony,2013-60
Salmon Peach,2013-50
Pink Paradise,003
Coral Reef,012
Fan Coral,013
Soft Glow,014
Soft White,2170-70
Sunlit Coral,2170-60
Teacup Rose,2170-50
Summer Sun Pink,2012-40
Starburst Orange,2010-30
Warm Comfort,2010-20
Tomato Red,2010-10
Sun Washed,2169-70
Peach Cloud,2169-60
Malibu Peach,2169-50
Dusk Pink,2013-40
Tucson Coral,005
Piñata,007
Orange,2011-10
Coastal Cottage,1164
Conch Shell,052
Salmon Mousse,046
Savannah Clay,047
Spoonful of Sugar,041
Baked Clay,035
Cinnamon,2174-20
Bashful,1171
Odessa Pink,HC-59
Chippendale Rosetone,HC-58
Palazzo Pink,1193
Santa Rosa,1189
Salmon Stream,2173-30
Brownberry,CSP-1125
Blanched Coral,886
August Sunrise,030
Georgia Peach,031
Coral Rock,032
Golden Gate,033
Tropical Fruit,CSP-1115
Strawberry Field,2088-30
Peach Parfait,2175-70
Soft Shell,015
Pale Pink Satin,008
Bermuda Pink,016
Phoenix Sand,017
Pink Polka Dot,004
Picante,006
Bridal Pink,2013-70
Pink Harmony,2013-60
Salmon Peach,2013-50
Pink Paradise,003
Coral Reef,012
Fan Coral,013
Soft Glow,014
Soft White,2170-70
Sunlit Coral,2170-60
Teacup Rose,2170-50
Summer Sun Pink,2012-40
Starburst Orange,2010-30
Warm Comfort,2010-20
Tomato Red,2010-10
Sun Washed,2169-70
Peach Cloud,2169-60
Malibu Peach,2169-50
Dusk Pink,2013-40
Tucson Coral,005
Piñata,007
Orange,2011-10
Coastal Cottage,1164
Conch Shell,052
Salmon Mousse,046
Savannah Clay,047
Spoonful of Sugar,041
Baked Clay,035
Cinnamon,2174-20
Bashful,1171
Odessa Pink,HC-59
Chippendale Rosetone,HC-58
Palazzo Pink,1193
Santa Rosa,1189
Salmon Stream,2173-30
Brownberry,CSP-1125
Blanched Coral,886
August Sunrise,030
Georgia Peach,031
Coral Rock,032
Golden Gate,033
Tropical Fruit,CSP-1115
Strawberry Field,2088-30
Peach Parfait,2175-70
Soft Shell,015
Pale Pink Satin,008
Bermuda Pink,016
Phoenix Sand,017
Pink Polka Dot,004
Picante,006
Bridal Pink,2013-70
Pink Harmony,2013-60
Salmon Peach,2013-50
Pink Paradise,003
Coral Reef,012
Fan Coral,013
Soft Glow,014
Soft White,2170-70
Sunlit Coral,2170-60
Teacup Rose,2170-50
Summer Sun Pink,2012-40
Starburst Orange,2010-30
Warm Comfort,2010-20
Tomato Red,2010-10
Sun Washed,2169-70
Peach Cloud,2169-60
Malibu Peach,2169-50
Dusk Pink,2013-40
Tucson Coral,005
Piñata,007
Orange,2011-10
Coastal Cottage,1164
Conch Shell,052
Salmon Mousse,046
Savannah Clay,047
Spoonful of Sugar,041
Baked Clay,035
Cinnamon,2174-20
Bashful,1171
Odessa Pink,HC-59
Chippendale Rosetone,HC-58
Palazzo Pink,1193
Santa Rosa,1189
Salmon Stream,2173-30
Brownberry,CSP-1125
Blanched Coral,886
August Sunrise,030
Georgia Peach,031
Coral Rock,032
Golden Gate,033
Tropical Fruit,CSP-1115
Strawberry Field,2088-30
Peach Parfait,2175-70
Soft Shell,015
Pale Pink Satin,008
Bermuda Pink,016
Phoenix Sand,017
Pink Polka Dot,004
Picante,006
Bridal Pink,2013-70
Pink Harmony,2013-60
Salmon Peach,2013-50
Pink Paradise,003
Coral Reef,012
Fan Coral,013
Soft Glow,014
Soft White,2170-70
Sunlit Coral,2170-60
Teacup Rose,2170-50
Summer Sun Pink,2012-40
Starburst Orange,2010-30
Warm Comfort,2010-20
Tomato Red,2010-10
Sun Washed,2169-70
Peach Cloud,2169-60
Malibu Peach,2169-50
Dusk Pink,2013-40
Tucson Coral,005
Piñata,007
Orange,2011-10
Cancun Sand,2016-70
Country White,898
Secluded Beach,899
Amber Waves,2159-40
Orange Ice,166
Eye of the Tiger,188
Morgan Hill Gold,189
Rich Cream,2153-60
Cookie Dough,916
Somerset Peach,163
Oklahoma Wheat,2160-50
Roasted Sesame Seed,2160-40
Golden Retriever,2165-30
Golden Meadow,2165-20
White Mountains,906
Point Pleasant,155
Hilton Head Cream,1107
Fennel Seed,1101
Dark Beige,2165-40
Roxbury Caramel,HC-42
Richmond Gold,HC-41
Kansas Grain,2160-60
Cream,2159-60
Precious Ivory,185
Boardwalk,1102
Camel Back,1103
Gladstone Tan,1106
Greenfield Pumpkin,HC-40
Peach Pie,127
Jicama,AF-315
Safari,AF-335
Tawny Bisque,1110
Sandy Valley,1112
Gingersnaps,1063
Warm Tan,2162-30
Ylang Ylang,AF-305
Sundial,1100
Harvest Time,186
Honeymoon,AF-345
Graham Cracker,1113
Gettysburgh Gold,1064
Autumn Bronze,2162-10
Cotton Tail,2155-70
Hepplewhite Ivory,HC-36
Key West Ivory,192
Goldfinch,187
Gingerbread Man,1111
Camel,2165-10
Desert Camel,2162-20
Cancun Sand,2016-70
Country White,898
Secluded Beach,899
Amber Waves,2159-40
Orange Ice,166
Eye of the Tiger,188
Morgan Hill Gold,189
Rich Cream,2153-60
Cookie Dough,916
Somerset Peach,163
Oklahoma Wheat,2160-50
Roasted Sesame Seed,2160-40
Golden Retriever,2165-30
Golden Meadow,2165-20
White Mountains,906
Point Pleasant,155
Hilton Head Cream,1107
Fennel Seed,1101
Dark Beige,2165-40
Roxbury Caramel,HC-42
Richmond Gold,HC-41
Kansas Grain,2160-60
Cream,2159-60
Precious Ivory,185
Boardwalk,1102
Camel Back,1103
Gladstone Tan,1106
Greenfield Pumpkin,HC-40
Peach Pie,127
Jicama,AF-315
Safari,AF-335
Tawny Bisque,1110
Sandy Valley,1112
Gingersnaps,1063
Warm Tan,2162-30
Ylang Ylang,AF-305
Sundial,1100
Harvest Time,186
Honeymoon,AF-345
Graham Cracker,1113
Gettysburgh Gold,1064
Autumn Bronze,2162-10
Cotton Tail,2155-70
Hepplewhite Ivory,HC-36
Key West Ivory,192
Goldfinch,187
Gingerbread Man,1111
Camel,2165-10
Desert Camel,2162-20
Cancun Sand,2016-70
Country White,898
Secluded Beach,899
Amber Waves,2159-40
Orange Ice,166
Eye of the Tiger,188
Morgan Hill Gold,189
Rich Cream,2153-60
Cookie Dough,916
Somerset Peach,163
Oklahoma Wheat,2160-50
Roasted Sesame Seed,2160-40
Golden Retriever,2165-30
Golden Meadow,2165-20
White Mountains,906
Point Pleasant,155
Hilton Head Cream,1107
Fennel Seed,1101
Dark Beige,2165-40
Roxbury Caramel,HC-42
Richmond Gold,HC-41
Kansas Grain,2160-60
Cream,2159-60
Precious Ivory,185
Boardwalk,1102
Camel Back,1103
Gladstone Tan,1106
Greenfield Pumpkin,HC-40
Peach Pie,127
Jicama,AF-315
Safari,AF-335
Tawny Bisque,1110
Sandy Valley,1112
Gingersnaps,1063
Warm Tan,2162-30
Ylang Ylang,AF-305
Sundial,1100
Harvest Time,186
Honeymoon,AF-345
Graham Cracker,1113
Gettysburgh Gold,1064
Autumn Bronze,2162-10
Cotton Tail,2155-70
Hepplewhite Ivory,HC-36
Key West Ivory,192
Goldfinch,187
Gingerbread Man,1111
Camel,2165-10
Desert Camel,2162-20
Cancun Sand,2016-70
Country White,898
Secluded Beach,899
Amber Waves,2159-40
Orange Ice,166
Eye of the Tiger,188
Morgan Hill Gold,189
Rich Cream,2153-60
Cookie Dough,916
Somerset Peach,163
Oklahoma Wheat,2160-50
Roasted Sesame Seed,2160-40
Golden Retriever,2165-30
Golden Meadow,2165-20
White Mountains,906
Point Pleasant,155
Hilton Head Cream,1107
Fennel Seed,1101
Dark Beige,2165-40
Roxbury Caramel,HC-42
Richmond Gold,HC-41
Kansas Grain,2160-60
Cream,2159-60
Precious Ivory,185
Boardwalk,1102
Camel Back,1103
Gladstone Tan,1106
Greenfield Pumpkin,HC-40
Peach Pie,127
Jicama,AF-315
Safari,AF-335
Tawny Bisque,1110
Sandy Valley,1112
Gingersnaps,1063
Warm Tan,2162-30
Ylang Ylang,AF-305
Sundial,1100
Harvest Time,186
Honeymoon,AF-345
Graham Cracker,1113
Gettysburgh Gold,1064
Autumn Bronze,2162-10
Cotton Tail,2155-70
Hepplewhite Ivory,HC-36
Key West Ivory,192
Goldfinch,187
Gingerbread Man,1111
Camel,2165-10
Desert Camel,2162-20
Cancun Sand,2016-70
Country White,898
Secluded Beach,899
Amber Waves,2159-40
Orange Ice,166
Eye of the Tiger,188
Morgan Hill Gold,189
Rich Cream,2153-60
Cookie Dough,916
Somerset Peach,163
Oklahoma Wheat,2160-50
Roasted Sesame Seed,2160-40
Golden Retriever,2165-30
Golden Meadow,2165-20
White Mountains,906
Point Pleasant,155
Hilton Head Cream,1107
Fennel Seed,1101
Dark Beige,2165-40
Roxbury Caramel,HC-42
Richmond Gold,HC-41
Kansas Grain,2160-60
Cream,2159-60
Precious Ivory,185
Boardwalk,1102
Camel Back,1103
Gladstone Tan,1106
Greenfield Pumpkin,HC-40
Peach Pie,127
Jicama,AF-315
Safari,AF-335
Tawny Bisque,1110
Sandy Valley,1112
Gingersnaps,1063
Warm Tan,2162-30
Ylang Ylang,AF-305
Sundial,1100
Harvest Time,186
Honeymoon,AF-345
Graham Cracker,1113
Gettysburgh Gold,1064
Autumn Bronze,2162-10
Cotton Tail,2155-70
Hepplewhite Ivory,HC-36
Key West Ivory,192
Goldfinch,187
Gingerbread Man,1111
Camel,2165-10
Desert Camel,2162-20
Cancun Sand,2016-70
Country White,898
Secluded Beach,899
Amber Waves,2159-40
Orange Ice,166
Eye of the Tiger,188
Morgan Hill Gold,189
Rich Cream,2153-60
Cookie Dough,916
Somerset Peach,163
Oklahoma Wheat,2160-50
Roasted Sesame Seed,2160-40
Golden Retriever,2165-30
Golden Meadow,2165-20
White Mountains,906
Point Pleasant,155
Hilton Head Cream,1107
Fennel Seed,1101
Dark Beige,2165-40
Roxbury Caramel,HC-42
Richmond Gold,HC-41
Kansas Grain,2160-60
Cream,2159-60
Precious Ivory,185
Boardwalk,1102
Camel Back,1103
Gladstone Tan,1106
Greenfield Pumpkin,HC-40
Peach Pie,127
Jicama,AF-315
Safari,AF-335
Tawny Bisque,1110
Sandy Valley,1112
Gingersnaps,1063
Warm Tan,2162-30
Ylang Ylang,AF-305
Sundial,1100
Harvest Time,186
Honeymoon,AF-345
Graham Cracker,1113
Gettysburgh Gold,1064
Autumn Bronze,2162-10
Cotton Tail,2155-70
Hepplewhite Ivory,HC-36
Key West Ivory,192
Goldfinch,187
Gingerbread Man,1111
Camel,2165-10
Desert Camel,2162-20
Cancun Sand,2016-70
Country White,898
Secluded Beach,899
Amber Waves,2159-40
Orange Ice,166
Eye of the Tiger,188
Morgan Hill Gold,189
Rich Cream,2153-60
Cookie Dough,916
Somerset Peach,163
Oklahoma Wheat,2160-50
Roasted Sesame Seed,2160-40
Golden Retriever,2165-30
Golden Meadow,2165-20
White Mountains,906
Point Pleasant,155
Hilton Head Cream,1107
Fennel Seed,1101
Dark Beige,2165-40
Roxbury Caramel,HC-42
Richmond Gold,HC-41
Kansas Grain,2160-60
Cream,2159-60
Precious Ivory,185
Boardwalk,1102
Camel Back,1103
Gladstone Tan,1106
Greenfield Pumpkin,HC-40
Peach Pie,127
Jicama,AF-315
Safari,AF-335
Tawny Bisque,1110
Sandy Valley,1112
Gingersnaps,1063
Warm Tan,2162-30
Ylang Ylang,AF-305
Sundial,1100
Harvest Time,186
Honeymoon,AF-345
Graham Cracker,1113
Gettysburgh Gold,1064
Autumn Bronze,2162-10
Cotton Tail,2155-70
Hepplewhite Ivory,HC-36
Key West Ivory,192
Goldfinch,187
Gingerbread Man,1111
Camel,2165-10
Desert Camel,2162-20
Cancun Sand,2016-70
Country White,898
Secluded Beach,899
Amber Waves,2159-40
Orange Ice,166
Eye of the Tiger,188
Morgan Hill Gold,189
Rich Cream,2153-60
Cookie Dough,916
Somerset Peach,163
Oklahoma Wheat,2160-50
Roasted Sesame Seed,2160-40
Golden Retriever,2165-30
Golden Meadow,2165-20
White Mountains,906
Point Pleasant,155
Hilton Head Cream,1107
Fennel Seed,1101
Dark Beige,2165-40
Roxbury Caramel,HC-42
Richmond Gold,HC-41
Kansas Grain,2160-60
Cream,2159-60
Precious Ivory,185
Boardwalk,1102
Camel Back,1103
Gladstone Tan,1106
Greenfield Pumpkin,HC-40
Peach Pie,127
Jicama,AF-315
Safari,AF-335
Tawny Bisque,1110
Sandy Valley,1112
Gingersnaps,1063
Warm Tan,2162-30
Ylang Ylang,AF-305
Sundial,1100
Harvest Time,186
Honeymoon,AF-345
Graham Cracker,1113
Gettysburgh Gold,1064
Autumn Bronze,2162-10
Cotton Tail,2155-70
Hepplewhite Ivory,HC-36
Key West Ivory,192
Goldfinch,187
Gingerbread Man,1111
Camel,2165-10
Desert Camel,2162-20
Cancun Sand,2016-70
Country White,898
Secluded Beach,899
Amber Waves,2159-40
Orange Ice,166
Eye of the Tiger,188
Morgan Hill Gold,189
Rich Cream,2153-60
Cookie Dough,916
Somerset Peach,163
Oklahoma Wheat,2160-50
Roasted Sesame Seed,2160-40
Golden Retriever,2165-30
Golden Meadow,2165-20
White Mountains,906
Point Pleasant,155
Hilton Head Cream,1107
Fennel Seed,1101
Dark Beige,2165-40
Roxbury Caramel,HC-42
Richmond Gold,HC-41
Kansas Grain,2160-60
Cream,2159-60
Precious Ivory,185
Boardwalk,1102
Camel Back,1103
Gladstone Tan,1106
Greenfield Pumpkin,HC-40
Peach Pie,127
Jicama,AF-315
Safari,AF-335
Tawny Bisque,1110
Sandy Valley,1112
Gingersnaps,1063
Warm Tan,2162-30
Ylang Ylang,AF-305
Sundial,1100
Harvest Time,186
Honeymoon,AF-345
Graham Cracker,1113
Gettysburgh Gold,1064
Autumn Bronze,2162-10
Cotton Tail,2155-70
Hepplewhite Ivory,HC-36
Key West Ivory,192
Goldfinch,187
Gingerbread Man,1111
Camel,2165-10
Desert Camel,2162-20
Cancun Sand,2016-70
Country White,898
Secluded Beach,899
Amber Waves,2159-40
Orange Ice,166
Eye of the Tiger,188
Morgan Hill Gold,189
Rich Cream,2153-60
Cookie Dough,916
Somerset Peach,163
Oklahoma Wheat,2160-50
Roasted Sesame Seed,2160-40
Golden Retriever,2165-30
Golden Meadow,2165-20
White Mountains,906
Point Pleasant,155
Hilton Head Cream,1107
Fennel Seed,1101
Dark Beige,2165-40
Roxbury Caramel,HC-42
Richmond Gold,HC-41
Kansas Grain,2160-60
Cream,2159-60
Precious Ivory,185
Boardwalk,1102
Camel Back,1103
Gladstone Tan,1106
Greenfield Pumpkin,HC-40
Peach Pie,127
Jicama,AF-315
Safari,AF-335
Tawny Bisque,1110
Sandy Valley,1112
Gingersnaps,1063
Warm Tan,2162-30
Ylang Ylang,AF-305
Sundial,1100
Harvest Time,186
Honeymoon,AF-345
Graham Cracker,1113
Gettysburgh Gold,1064
Autumn Bronze,2162-10
Cotton Tail,2155-70
Hepplewhite Ivory,HC-36
Key West Ivory,192
Goldfinch,187
Gingerbread Man,1111
Camel,2165-10
Desert Camel,2162-20
Cypress Grove,388
Sunny Side Up,367
Sweet Pear,389
Sweet Vibrations,391
Citrus Burst,364
Eve Green,2024-20
Chartreuse,2024-10
Beacon Hill Damask,HC-2
Artichoke Hearts,382
Spring Dust,2150-40
Turning Leaf,384
Savannah Moss,385
Lichen Green,2150-20
Willow Green,2150-10
Hawthorne Green,379
Mellowed Ivory,2149-50
Timothy Straw,2149-40
Meadow View,383
Wasabi,AF-430
G.I. Green,2149-20
Newt Green,2149-10
Rainforest Dew,2146-50
Castleton Mist,HC-1
Sesame,381
Turkish Bay Leaf,CSP-885
Split Pea,2146-30
Olive Tree,392
Perfectly Pesto,CSP-895
Handmade Paper,CSP-875
Lime Sherbet,CSP-845
Pale Avocado,2146-40
Morning Walk,CSP-880
Green Hydrangea,CSP-850
Martini Olive,CSP-890
Forest Moss,2146-20
Crème Fraiche,2023-70
Lemon Glow,2025-60
Lemon Freeze,2025-50
Granny Smith,CSP-860
Flower Power,398
Exotic Lime,399
Eccentric Lime,2027-30
Barely Yellow,2025-70
Eggshell,2026-70
Light Daffodil,2027-60
Limelight,2025-40
New Lime,2025-30
Chamomile,397
Spring Moss,2027-20
Cypress Grove,388
Sunny Side Up,367
Sweet Pear,389
Sweet Vibrations,391
Citrus Burst,364
Eve Green,2024-20
Chartreuse,2024-10
Beacon Hill Damask,HC-2
Artichoke Hearts,382
Spring Dust,2150-40
Turning Leaf,384
Savannah Moss,385
Lichen Green,2150-20
Willow Green,2150-10
Hawthorne Green,379
Mellowed Ivory,2149-50
Timothy Straw,2149-40
Meadow View,383
Wasabi,AF-430
G.I. Green,2149-20
Newt Green,2149-10
Rainforest Dew,2146-50
Castleton Mist,HC-1
Sesame,381
Turkish Bay Leaf,CSP-885
Split Pea,2146-30
Olive Tree,392
Perfectly Pesto,CSP-895
Handmade Paper,CSP-875
Lime Sherbet,CSP-845
Pale Avocado,2146-40
Morning Walk,CSP-880
Green Hydrangea,CSP-850
Martini Olive,CSP-890
Forest Moss,2146-20
Crème Fraiche,2023-70
Lemon Glow,2025-60
Lemon Freeze,2025-50
Granny Smith,CSP-860
Flower Power,398
Exotic Lime,399
Eccentric Lime,2027-30
Barely Yellow,2025-70
Eggshell,2026-70
Light Daffodil,2027-60
Limelight,2025-40
New Lime,2025-30
Chamomile,397
Spring Moss,2027-20
Cypress Grove,388
Sunny Side Up,367
Sweet Pear,389
Sweet Vibrations,391
Citrus Burst,364
Eve Green,2024-20
Chartreuse,2024-10
Beacon Hill Damask,HC-2
Artichoke Hearts,382
Spring Dust,2150-40
Turning Leaf,384
Savannah Moss,385
Lichen Green,2150-20
Willow Green,2150-10
Hawthorne Green,379
Mellowed Ivory,2149-50
Timothy Straw,2149-40
Meadow View,383
Wasabi,AF-430
G.I. Green,2149-20
Newt Green,2149-10
Rainforest Dew,2146-50
Castleton Mist,HC-1
Sesame,381
Turkish Bay Leaf,CSP-885
Split Pea,2146-30
Olive Tree,392
Perfectly Pesto,CSP-895
Handmade Paper,CSP-875
Lime Sherbet,CSP-845
Pale Avocado,2146-40
Morning Walk,CSP-880
Green Hydrangea,CSP-850
Martini Olive,CSP-890
Forest Moss,2146-20
Crème Fraiche,2023-70
Lemon Glow,2025-60
Lemon Freeze,2025-50
Granny Smith,CSP-860
Flower Power,398
Exotic Lime,399
Eccentric Lime,2027-30
Barely Yellow,2025-70
Eggshell,2026-70
Light Daffodil,2027-60
Limelight,2025-40
New Lime,2025-30
Chamomile,397
Spring Moss,2027-20
Cypress Grove,388
Sunny Side Up,367
Sweet Pear,389
Sweet Vibrations,391
Citrus Burst,364
Eve Green,2024-20
Chartreuse,2024-10
Beacon Hill Damask,HC-2
Artichoke Hearts,382
Spring Dust,2150-40
Turning Leaf,384
Savannah Moss,385
Lichen Green,2150-20
Willow Green,2150-10
Hawthorne Green,379
Mellowed Ivory,2149-50
Timothy Straw,2149-40
Meadow View,383
Wasabi,AF-430
G.I. Green,2149-20
Newt Green,2149-10
Rainforest Dew,2146-50
Castleton Mist,HC-1
Sesame,381
Turkish Bay Leaf,CSP-885
Split Pea,2146-30
Olive Tree,392
Perfectly Pesto,CSP-895
Handmade Paper,CSP-875
Lime Sherbet,CSP-845
Pale Avocado,2146-40
Morning Walk,CSP-880
Green Hydrangea,CSP-850
Martini Olive,CSP-890
Forest Moss,2146-20
Crème Fraiche,2023-70
Lemon Glow,2025-60
Lemon Freeze,2025-50
Granny Smith,CSP-860
Flower Power,398
Exotic Lime,399
Eccentric Lime,2027-30
Barely Yellow,2025-70
Eggshell,2026-70
Light Daffodil,2027-60
Limelight,2025-40
New Lime,2025-30
Chamomile,397
Spring Moss,2027-20
Cypress Grove,388
Sunny Side Up,367
Sweet Pear,389
Sweet Vibrations,391
Citrus Burst,364
Eve Green,2024-20
Chartreuse,2024-10
Beacon Hill Damask,HC-2
Artichoke Hearts,382
Spring Dust,2150-40
Turning Leaf,384
Savannah Moss,385
Lichen Green,2150-20
Willow Green,2150-10
Hawthorne Green,379
Mellowed Ivory,2149-50
Timothy Straw,2149-40
Meadow View,383
Wasabi,AF-430
G.I. Green,2149-20
Newt Green,2149-10
Rainforest Dew,2146-50
Castleton Mist,HC-1
Sesame,381
Turkish Bay Leaf,CSP-885
Split Pea,2146-30
Olive Tree,392
Perfectly Pesto,CSP-895
Handmade Paper,CSP-875
Lime Sherbet,CSP-845
Pale Avocado,2146-40
Morning Walk,CSP-880
Green Hydrangea,CSP-850
Martini Olive,CSP-890
Forest Moss,2146-20
Crème Fraiche,2023-70
Lemon Glow,2025-60
Lemon Freeze,2025-50
Granny Smith,CSP-860
Flower Power,398
Exotic Lime,399
Eccentric Lime,2027-30
Barely Yellow,2025-70
Eggshell,2026-70
Light Daffodil,2027-60
Limelight,2025-40
New Lime,2025-30
Chamomile,397
Spring Moss,2027-20
Cypress Grove,388
Sunny Side Up,367
Sweet Pear,389
Sweet Vibrations,391
Citrus Burst,364
Eve Green,2024-20
Chartreuse,2024-10
Beacon Hill Damask,HC-2
Artichoke Hearts,382
Spring Dust,2150-40
Turning Leaf,384
Savannah Moss,385
Lichen Green,2150-20
Willow Green,2150-10
Hawthorne Green,379
Mellowed Ivory,2149-50
Timothy Straw,2149-40
Meadow View,383
Wasabi,AF-430
G.I. Green,2149-20
Newt Green,2149-10
Rainforest Dew,2146-50
Castleton Mist,HC-1
Sesame,381
Turkish Bay Leaf,CSP-885
Split Pea,2146-30
Olive Tree,392
Perfectly Pesto,CSP-895
Handmade Paper,CSP-875
Lime Sherbet,CSP-845
Pale Avocado,2146-40
Morning Walk,CSP-880
Green Hydrangea,CSP-850
Martini Olive,CSP-890
Forest Moss,2146-20
Crème Fraiche,2023-70
Lemon Glow,2025-60
Lemon Freeze,2025-50
Granny Smith,CSP-860
Flower Power,398
Exotic Lime,399
Eccentric Lime,2027-30
Barely Yellow,2025-70
Eggshell,2026-70
Light Daffodil,2027-60
Limelight,2025-40
New Lime,2025-30
Chamomile,397
Spring Moss,2027-20
Cypress Grove,388
Sunny Side Up,367
Sweet Pear,389
Sweet Vibrations,391
Citrus Burst,364
Eve Green,2024-20
Chartreuse,2024-10
Beacon Hill Damask,HC-2
Artichoke Hearts,382
Spring Dust,2150-40
Turning Leaf,384
Savannah Moss,385
Lichen Green,2150-20
Willow Green,2150-10
Hawthorne Green,379
Mellowed Ivory,2149-50
Timothy Straw,2149-40
Meadow View,383
Wasabi,AF-430
G.I. Green,2149-20
Newt Green,2149-10
Rainforest Dew,2146-50
Castleton Mist,HC-1
Sesame,381
Turkish Bay Leaf,CSP-885
Split Pea,2146-30
Olive Tree,392
Perfectly Pesto,CSP-895
Handmade Paper,CSP-875
Lime Sherbet,CSP-845
Pale Avocado,2146-40
Morning Walk,CSP-880
Green Hydrangea,CSP-850
Martini Olive,CSP-890
Forest Moss,2146-20
Crème Fraiche,2023-70
Lemon Glow,2025-60
Lemon Freeze,2025-50
Granny Smith,CSP-860
Flower Power,398
Exotic Lime,399
Eccentric Lime,2027-30
Barely Yellow,2025-70
Eggshell,2026-70
Light Daffodil,2027-60
Limelight,2025-40
New Lime,2025-30
Chamomile,397
Spring Moss,2027-20
Cypress Grove,388
Sunny Side Up,367
Sweet Pear,389
Sweet Vibrations,391
Citrus Burst,364
Eve Green,2024-20
Chartreuse,2024-10
Beacon Hill Damask,HC-2
Artichoke Hearts,382
Spring Dust,2150-40
Turning Leaf,384
Savannah Moss,385
Lichen Green,2150-20
Willow Green,2150-10
Hawthorne Green,379
Mellowed Ivory,2149-50
Timothy Straw,2149-40
Meadow View,383
Wasabi,AF-430
G.I. Green,2149-20
Newt Green,2149-10
Rainforest Dew,2146-50
Castleton Mist,HC-1
Sesame,381
Turkish Bay Leaf,CSP-885
Split Pea,2146-30
Olive Tree,392
Perfectly Pesto,CSP-895
Handmade Paper,CSP-875
Lime Sherbet,CSP-845
Pale Avocado,2146-40
Morning Walk,CSP-880
Green Hydrangea,CSP-850
Martini Olive,CSP-890
Forest Moss,2146-20
Crème Fraiche,2023-70
Lemon Glow,2025-60
Lemon Freeze,2025-50
Granny Smith,CSP-860
Flower Power,398
Exotic Lime,399
Eccentric Lime,2027-30
Barely Yellow,2025-70
Eggshell,2026-70
Light Daffodil,2027-60
Limelight,2025-40
New Lime,2025-30
Chamomile,397
Spring Moss,2027-20
Cypress Grove,388
Sunny Side Up,367
Sweet Pear,389
Sweet Vibrations,391
Citrus Burst,364
Eve Green,2024-20
Chartreuse,2024-10
Beacon Hill Damask,HC-2
Artichoke Hearts,382
Spring Dust,2150-40
Turning Leaf,384
Savannah Moss,385
Lichen Green,2150-20
Willow Green,2150-10
Hawthorne Green,379
Mellowed Ivory,2149-50
Timothy Straw,2149-40
Meadow View,383
Wasabi,AF-430
G.I. Green,2149-20
Newt Green,2149-10
Rainforest Dew,2146-50
Castleton Mist,HC-1
Sesame,381
Turkish Bay Leaf,CSP-885
Split Pea,2146-30
Olive Tree,392
Perfectly Pesto,CSP-895
Handmade Paper,CSP-875
Lime Sherbet,CSP-845
Pale Avocado,2146-40
Morning Walk,CSP-880
Green Hydrangea,CSP-850
Martini Olive,CSP-890
Forest Moss,2146-20
Crème Fraiche,2023-70
Lemon Glow,2025-60
Lemon Freeze,2025-50
Granny Smith,CSP-860
Flower Power,398
Exotic Lime,399
Eccentric Lime,2027-30
Barely Yellow,2025-70
Eggshell,2026-70
Light Daffodil,2027-60
Limelight,2025-40
New Lime,2025-30
Chamomile,397
Spring Moss,2027-20
Cypress Grove,388
Sunny Side Up,367
Sweet Pear,389
Sweet Vibrations,391
Citrus Burst,364
Eve Green,2024-20
Chartreuse,2024-10
Beacon Hill Damask,HC-2
Artichoke Hearts,382
Spring Dust,2150-40
Turning Leaf,384
Savannah Moss,385
Lichen Green,2150-20
Willow Green,2150-10
Hawthorne Green,379
Mellowed Ivory,2149-50
Timothy Straw,2149-40
Meadow View,383
Wasabi,AF-430
G.I. Green,2149-20
Newt Green,2149-10
Rainforest Dew,2146-50
Castleton Mist,HC-1
Sesame,381
Turkish Bay Leaf,CSP-885
Split Pea,2146-30
Olive Tree,392
Perfectly Pesto,CSP-895
Handmade Paper,CSP-875
Lime Sherbet,CSP-845
Pale Avocado,2146-40
Morning Walk,CSP-880
Green Hydrangea,CSP-850
Martini Olive,CSP-890
Forest Moss,2146-20
Crème Fraiche,2023-70
Lemon Glow,2025-60
Lemon Freeze,2025-50
Granny Smith,CSP-860
Flower Power,398
Exotic Lime,399
Eccentric Lime,2027-30
Barely Yellow,2025-70
Eggshell,2026-70
Light Daffodil,2027-60
Limelight,2025-40
New Lime,2025-30
Chamomile,397
Spring Moss,2027-20
White Rain,708
Palladian Blue,HC-144
Bali,702
Wythe Blue,HC-143
Stratton Blue,HC-142
Azores,AF-495
Cedar Mountains,706
Woodlawn Blue,HC-147
Sylvan Mist,CSP-740
Rhine River,689
Grenada Villa,690
Sioux Falls,705
Dartsmouth Green,691
Tropical Oasis,CSP-710
Seacliff Heights,688
Heavenly Blue,709
Sea Star,2123-30
Mystic Lake,CSP-745
Atmospheric,AF-500
Caribbean Teal,2123-20
Mediterranean Teal,2123-10
Whispering Spring,2136-70
Annapolis Green,687
Colorado Gray,2136-50
Aegean Teal,2136-40
Baltic Sea,CSP-680
Fair Isle Blue,CSP-715
Yorktowne Green,HC-133
Ocean Air,2123-50
Gossamer Blue,2123-40
Kensington Green,710
Boca Raton Blue,711
Fort Pierce Green,712
Polished Slate,713
Olympus Green,679
Iced Green,673
Spring Sky,674
Thunderbird,675
Spirit in the Sky,676
Florida Keys Blue,2050-40
Intercoastal Green,672
Deep Sea Green,735
Spring Mint,2040-70
Arctic Blue,2050-60
Waterfall,2050-50
Majestic Blue,2051-40
Casco Bay,2051-30
Mallard Green,2053-10
Pacific Sea Teal,2049-10
White Rain,708
Palladian Blue,HC-144
Bali,702
Wythe Blue,HC-143
Stratton Blue,HC-142
Azores,AF-495
Cedar Mountains,706
Woodlawn Blue,HC-147
Sylvan Mist,CSP-740
Rhine River,689
Grenada Villa,690
Sioux Falls,705
Dartsmouth Green,691
Tropical Oasis,CSP-710
Seacliff Heights,688
Heavenly Blue,709
Sea Star,2123-30
Mystic Lake,CSP-745
Atmospheric,AF-500
Caribbean Teal,2123-20
Mediterranean Teal,2123-10
Whispering Spring,2136-70
Annapolis Green,687
Colorado Gray,2136-50
Aegean Teal,2136-40
Baltic Sea,CSP-680
Fair Isle Blue,CSP-715
Yorktowne Green,HC-133
Ocean Air,2123-50
Gossamer Blue,2123-40
Kensington Green,710
Boca Raton Blue,711
Fort Pierce Green,712
Polished Slate,713
Olympus Green,679
Iced Green,673
Spring Sky,674
Thunderbird,675
Spirit in the Sky,676
Florida Keys Blue,2050-40
Intercoastal Green,672
Deep Sea Green,735
Spring Mint,2040-70
Arctic Blue,2050-60
Waterfall,2050-50
Majestic Blue,2051-40
Casco Bay,2051-30
Mallard Green,2053-10
Pacific Sea Teal,2049-10
White Rain,708
Palladian Blue,HC-144
Bali,702
Wythe Blue,HC-143
Stratton Blue,HC-142
Azores,AF-495
Cedar Mountains,706
Woodlawn Blue,HC-147
Sylvan Mist,CSP-740
Rhine River,689
Grenada Villa,690
Sioux Falls,705
Dartsmouth Green,691
Tropical Oasis,CSP-710
Seacliff Heights,688
Heavenly Blue,709
Sea Star,2123-30
Mystic Lake,CSP-745
Atmospheric,AF-500
Caribbean Teal,2123-20
Mediterranean Teal,2123-10
Whispering Spring,2136-70
Annapolis Green,687
Colorado Gray,2136-50
Aegean Teal,2136-40
Baltic Sea,CSP-680
Fair Isle Blue,CSP-715
Yorktowne Green,HC-133
Ocean Air,2123-50
Gossamer Blue,2123-40
Kensington Green,710
Boca Raton Blue,711
Fort Pierce Green,712
Polished Slate,713
Olympus Green,679
Iced Green,673
Spring Sky,674
Thunderbird,675
Spirit in the Sky,676
Florida Keys Blue,2050-40
Intercoastal Green,672
Deep Sea Green,735
Spring Mint,2040-70
Arctic Blue,2050-60
Waterfall,2050-50
Majestic Blue,2051-40
Casco Bay,2051-30
Mallard Green,2053-10
Pacific Sea Teal,2049-10
White Rain,708
Palladian Blue,HC-144
Bali,702
Wythe Blue,HC-143
Stratton Blue,HC-142
Azores,AF-495
Cedar Mountains,706
Woodlawn Blue,HC-147
Sylvan Mist,CSP-740
Rhine River,689
Grenada Villa,690
Sioux Falls,705
Dartsmouth Green,691
Tropical Oasis,CSP-710
Seacliff Heights,688
Heavenly Blue,709
Sea Star,2123-30
Mystic Lake,CSP-745
Atmospheric,AF-500
Caribbean Teal,2123-20
Mediterranean Teal,2123-10
Whispering Spring,2136-70
Annapolis Green,687
Colorado Gray,2136-50
Aegean Teal,2136-40
Baltic Sea,CSP-680
Fair Isle Blue,CSP-715
Yorktowne Green,HC-133
Ocean Air,2123-50
Gossamer Blue,2123-40
Kensington Green,710
Boca Raton Blue,711
Fort Pierce Green,712
Polished Slate,713
Olympus Green,679
Iced Green,673
Spring Sky,674
Thunderbird,675
Spirit in the Sky,676
Florida Keys Blue,2050-40
Intercoastal Green,672
Deep Sea Green,735
Spring Mint,2040-70
Arctic Blue,2050-60
Waterfall,2050-50
Majestic Blue,2051-40
Casco Bay,2051-30
Mallard Green,2053-10
Pacific Sea Teal,2049-10
White Rain,708
Palladian Blue,HC-144
Bali,702
Wythe Blue,HC-143
Stratton Blue,HC-142
Azores,AF-495
Cedar Mountains,706
Woodlawn Blue,HC-147
Sylvan Mist,CSP-740
Rhine River,689
Grenada Villa,690
Sioux Falls,705
Dartsmouth Green,691
Tropical Oasis,CSP-710
Seacliff Heights,688
Heavenly Blue,709
Sea Star,2123-30
Mystic Lake,CSP-745
Atmospheric,AF-500
Caribbean Teal,2123-20
Mediterranean Teal,2123-10
Whispering Spring,2136-70
Annapolis Green,687
Colorado Gray,2136-50
Aegean Teal,2136-40
Baltic Sea,CSP-680
Fair Isle Blue,CSP-715
Yorktowne Green,HC-133
Ocean Air,2123-50
Gossamer Blue,2123-40
Kensington Green,710
Boca Raton Blue,711
Fort Pierce Green,712
Polished Slate,713
Olympus Green,679
Iced Green,673
Spring Sky,674
Thunderbird,675
Spirit in the Sky,676
Florida Keys Blue,2050-40
Intercoastal Green,672
Deep Sea Green,735
Spring Mint,2040-70
Arctic Blue,2050-60
Waterfall,2050-50
Majestic Blue,2051-40
Casco Bay,2051-30
Mallard Green,2053-10
Pacific Sea Teal,2049-10
White Rain,708
Palladian Blue,HC-144
Bali,702
Wythe Blue,HC-143
Stratton Blue,HC-142
Azores,AF-495
Cedar Mountains,706
Woodlawn Blue,HC-147
Sylvan Mist,CSP-740
Rhine River,689
Grenada Villa,690
Sioux Falls,705
Dartsmouth Green,691
Tropical Oasis,CSP-710
Seacliff Heights,688
Heavenly Blue,709
Sea Star,2123-30
Mystic Lake,CSP-745
Atmospheric,AF-500
Caribbean Teal,2123-20
Mediterranean Teal,2123-10
Whispering Spring,2136-70
Annapolis Green,687
Colorado Gray,2136-50
Aegean Teal,2136-40
Baltic Sea,CSP-680
Fair Isle Blue,CSP-715
Yorktowne Green,HC-133
Ocean Air,2123-50
Gossamer Blue,2123-40
Kensington Green,710
Boca Raton Blue,711
Fort Pierce Green,712
Polished Slate,713
Olympus Green,679
Iced Green,673
Spring Sky,674
Thunderbird,675
Spirit in the Sky,676
Florida Keys Blue,2050-40
Intercoastal Green,672
Deep Sea Green,735
Spring Mint,2040-70
Arctic Blue,2050-60
Waterfall,2050-50
Majestic Blue,2051-40
Casco Bay,2051-30
Mallard Green,2053-10
Pacific Sea Teal,2049-10
White Rain,708
Palladian Blue,HC-144
Bali,702
Wythe Blue,HC-143
Stratton Blue,HC-142
Azores,AF-495
Cedar Mountains,706
Woodlawn Blue,HC-147
Sylvan Mist,CSP-740
Rhine River,689
Grenada Villa,690
Sioux Falls,705
Dartsmouth Green,691
Tropical Oasis,CSP-710
Seacliff Heights,688
Heavenly Blue,709
Sea Star,2123-30
Mystic Lake,CSP-745
Atmospheric,AF-500
Caribbean Teal,2123-20
Mediterranean Teal,2123-10
Whispering Spring,2136-70
Annapolis Green,687
Colorado Gray,2136-50
Aegean Teal,2136-40
Baltic Sea,CSP-680
Fair Isle Blue,CSP-715
Yorktowne Green,HC-133
Ocean Air,2123-50
Gossamer Blue,2123-40
Kensington Green,710
Boca Raton Blue,711
Fort Pierce Green,712
Polished Slate,713
Olympus Green,679
Iced Green,673
Spring Sky,674
Thunderbird,675
Spirit in the Sky,676
Florida Keys Blue,2050-40
Intercoastal Green,672
Deep Sea Green,735
Spring Mint,2040-70
Arctic Blue,2050-60
Waterfall,2050-50
Majestic Blue,2051-40
Casco Bay,2051-30
Mallard Green,2053-10
Pacific Sea Teal,2049-10
White Rain,708
Palladian Blue,HC-144
Bali,702
Wythe Blue,HC-143
Stratton Blue,HC-142
Azores,AF-495
Cedar Mountains,706
Woodlawn Blue,HC-147
Sylvan Mist,CSP-740
Rhine River,689
Grenada Villa,690
Sioux Falls,705
Dartsmouth Green,691
Tropical Oasis,CSP-710
Seacliff Heights,688
Heavenly Blue,709
Sea Star,2123-30
Mystic Lake,CSP-745
Atmospheric,AF-500
Caribbean Teal,2123-20
Mediterranean Teal,2123-10
Whispering Spring,2136-70
Annapolis Green,687
Colorado Gray,2136-50
Aegean Teal,2136-40
Baltic Sea,CSP-680
Fair Isle Blue,CSP-715
Yorktowne Green,HC-133
Ocean Air,2123-50
Gossamer Blue,2123-40
Kensington Green,710
Boca Raton Blue,711
Fort Pierce Green,712
Polished Slate,713
Olympus Green,679
Iced Green,673
Spring Sky,674
Thunderbird,675
Spirit in the Sky,676
Florida Keys Blue,2050-40
Intercoastal Green,672
Deep Sea Green,735
Spring Mint,2040-70
Arctic Blue,2050-60
Waterfall,2050-50
Majestic Blue,2051-40
Casco Bay,2051-30
Mallard Green,2053-10
Pacific Sea Teal,2049-10
White Rain,708
Palladian Blue,HC-144
Bali,702
Wythe Blue,HC-143
Stratton Blue,HC-142
Azores,AF-495
Cedar Mountains,706
Woodlawn Blue,HC-147
Sylvan Mist,CSP-740
Rhine River,689
Grenada Villa,690
Sioux Falls,705
Dartsmouth Green,691
Tropical Oasis,CSP-710
Seacliff Heights,688
Heavenly Blue,709
Sea Star,2123-30
Mystic Lake,CSP-745
Atmospheric,AF-500
Caribbean Teal,2123-20
Mediterranean Teal,2123-10
Whispering Spring,2136-70
Annapolis Green,687
Colorado Gray,2136-50
Aegean Teal,2136-40
Baltic Sea,CSP-680
Fair Isle Blue,CSP-715
Yorktowne Green,HC-133
Ocean Air,2123-50
Gossamer Blue,2123-40
Kensington Green,710
Boca Raton Blue,711
Fort Pierce Green,712
Polished Slate,713
Olympus Green,679
Iced Green,673
Spring Sky,674
Thunderbird,675
Spirit in the Sky,676
Florida Keys Blue,2050-40
Intercoastal Green,672
Deep Sea Green,735
Spring Mint,2040-70
Arctic Blue,2050-60
Waterfall,2050-50
Majestic Blue,2051-40
Casco Bay,2051-30
Mallard Green,2053-10
Pacific Sea Teal,2049-10
White Rain,708
Palladian Blue,HC-144
Bali,702
Wythe Blue,HC-143
Stratton Blue,HC-142
Azores,AF-495
Cedar Mountains,706
Woodlawn Blue,HC-147
Sylvan Mist,CSP-740
Rhine River,689
Grenada Villa,690
Sioux Falls,705
Dartsmouth Green,691
Tropical Oasis,CSP-710
Seacliff Heights,688
Heavenly Blue,709
Sea Star,2123-30
Mystic Lake,CSP-745
Atmospheric,AF-500
Caribbean Teal,2123-20
Mediterranean Teal,2123-10
Whispering Spring,2136-70
Annapolis Green,687
Colorado Gray,2136-50
Aegean Teal,2136-40
Baltic Sea,CSP-680
Fair Isle Blue,CSP-715
Yorktowne Green,HC-133
Ocean Air,2123-50
Gossamer Blue,2123-40
Kensington Green,710
Boca Raton Blue,711
Fort Pierce Green,712
Polished Slate,713
Olympus Green,679
Iced Green,673
Spring Sky,674
Thunderbird,675
Spirit in the Sky,676
Florida Keys Blue,2050-40
Intercoastal Green,672
Deep Sea Green,735
Spring Mint,2040-70
Arctic Blue,2050-60
Waterfall,2050-50
Majestic Blue,2051-40
Casco Bay,2051-30
Mallard Green,2053-10
Pacific Sea Teal,2049-10
Violet Dusk,1409
Lavender Blue,1438
Yukon Sky,1439
Irises,1440
Amethyst Shadow,1441
French Violet,1427
Approaching Storm,CSP-535
Spring Flowers,1430
Feather Soft,1431
Freesia,1432
Blue Pearl,1433
Fancy Pants,CSP-525
Bistro Blue,1421
Deep Mulberry,2069-10
Violet Sparkle,1422
Celestia Blue,1429
Blue Viola,1424
Dreamy,1425
Faded Violet,CSP-455
Queen's Wreath,1426
Wood Violet,1428
Whispering Wind,1416
English Hyacinth,1417
Oriental Iris,1418
Persian Violet,1419
Softened Violet,1420
Grape Gum,2068-20
Majestic Violet,2068-10
Lavender Secret,1415
Purple Lace,2068-60
Victorian Trim,2068-50
California Lilac,2068-40
Scandinavian Blue,2068-30
Blackberry Wine,2069-20
Black Berry,2119-20
Nosegay,1401
Angel's Wings,1423
Blue Orchid,2069-50
Violet Stone,2069-40
Darkest Grape,2069-30
Super Nova,1414
Plum Martini,CSP-540
White Heaven,2068-70
Spring Iris,1402
Lavender Mist,2070-60
Enchanted,2070-50
Spring Purple,2070-40
Plum Royale,2070-20
Tulsa Twilight,2070-10
Violet Dusk,1409
Lavender Blue,1438
Yukon Sky,1439
Irises,1440
Amethyst Shadow,1441
French Violet,1427
Approaching Storm,CSP-535
Spring Flowers,1430
Feather Soft,1431
Freesia,1432
Blue Pearl,1433
Fancy Pants,CSP-525
Bistro Blue,1421
Deep Mulberry,2069-10
Violet Sparkle,1422
Celestia Blue,1429
Blue Viola,1424
Dreamy,1425
Faded Violet,CSP-455
Queen's Wreath,1426
Wood Violet,1428
Whispering Wind,1416
English Hyacinth,1417
Oriental Iris,1418
Persian Violet,1419
Softened Violet,1420
Grape Gum,2068-20
Majestic Violet,2068-10
Lavender Secret,1415
Purple Lace,2068-60
Victorian Trim,2068-50
California Lilac,2068-40
Scandinavian Blue,2068-30
Blackberry Wine,2069-20
Black Berry,2119-20
Nosegay,1401
Angel's Wings,1423
Blue Orchid,2069-50
Violet Stone,2069-40
Darkest Grape,2069-30
Super Nova,1414
Plum Martini,CSP-540
White Heaven,2068-70
Spring Iris,1402
Lavender Mist,2070-60
Enchanted,2070-50
Spring Purple,2070-40
Plum Royale,2070-20
Tulsa Twilight,2070-10
Violet Dusk,1409
Lavender Blue,1438
Yukon Sky,1439
Irises,1440
Amethyst Shadow,1441
French Violet,1427
Approaching Storm,CSP-535
Spring Flowers,1430
Feather Soft,1431
Freesia,1432
Blue Pearl,1433
Fancy Pants,CSP-525
Bistro Blue,1421
Deep Mulberry,2069-10
Violet Sparkle,1422
Celestia Blue,1429
Blue Viola,1424
Dreamy,1425
Faded Violet,CSP-455
Queen's Wreath,1426
Wood Violet,1428
Whispering Wind,1416
English Hyacinth,1417
Oriental Iris,1418
Persian Violet,1419
Softened Violet,1420
Grape Gum,2068-20
Majestic Violet,2068-10
Lavender Secret,1415
Purple Lace,2068-60
Victorian Trim,2068-50
California Lilac,2068-40
Scandinavian Blue,2068-30
Blackberry Wine,2069-20
Black Berry,2119-20
Nosegay,1401
Angel's Wings,1423
Blue Orchid,2069-50
Violet Stone,2069-40
Darkest Grape,2069-30
Super Nova,1414
Plum Martini,CSP-540
White Heaven,2068-70
Spring Iris,1402
Lavender Mist,2070-60
Enchanted,2070-50
Spring Purple,2070-40
Plum Royale,2070-20
Tulsa Twilight,2070-10
Violet Dusk,1409
Lavender Blue,1438
Yukon Sky,1439
Irises,1440
Amethyst Shadow,1441
French Violet,1427
Approaching Storm,CSP-535
Spring Flowers,1430
Feather Soft,1431
Freesia,1432
Blue Pearl,1433
Fancy Pants,CSP-525
Bistro Blue,1421
Deep Mulberry,2069-10
Violet Sparkle,1422
Celestia Blue,1429
Blue Viola,1424
Dreamy,1425
Faded Violet,CSP-455
Queen's Wreath,1426
Wood Violet,1428
Whispering Wind,1416
English Hyacinth,1417
Oriental Iris,1418
Persian Violet,1419
Softened Violet,1420
Grape Gum,2068-20
Majestic Violet,2068-10
Lavender Secret,1415
Purple Lace,2068-60
Victorian Trim,2068-50
California Lilac,2068-40
Scandinavian Blue,2068-30
Blackberry Wine,2069-20
Black Berry,2119-20
Nosegay,1401
Angel's Wings,1423
Blue Orchid,2069-50
Violet Stone,2069-40
Darkest Grape,2069-30
Super Nova,1414
Plum Martini,CSP-540
White Heaven,2068-70
Spring Iris,1402
Lavender Mist,2070-60
Enchanted,2070-50
Spring Purple,2070-40
Plum Royale,2070-20
Tulsa Twilight,2070-10
Violet Dusk,1409
Lavender Blue,1438
Yukon Sky,1439
Irises,1440
Amethyst Shadow,1441
French Violet,1427
Approaching Storm,CSP-535
Spring Flowers,1430
Feather Soft,1431
Freesia,1432
Blue Pearl,1433
Fancy Pants,CSP-525
Bistro Blue,1421
Deep Mulberry,2069-10
Violet Sparkle,1422
Celestia Blue,1429
Blue Viola,1424
Dreamy,1425
Faded Violet,CSP-455
Queen's Wreath,1426
Wood Violet,1428
Whispering Wind,1416
English Hyacinth,1417
Oriental Iris,1418
Persian Violet,1419
Softened Violet,1420
Grape Gum,2068-20
Majestic Violet,2068-10
Lavender Secret,1415
Purple Lace,2068-60
Victorian Trim,2068-50
California Lilac,2068-40
Scandinavian Blue,2068-30
Blackberry Wine,2069-20
Black Berry,2119-20
Nosegay,1401
Angel's Wings,1423
Blue Orchid,2069-50
Violet Stone,2069-40
Darkest Grape,2069-30
Super Nova,1414
Plum Martini,CSP-540
White Heaven,2068-70
Spring Iris,1402
Lavender Mist,2070-60
Enchanted,2070-50
Spring Purple,2070-40
Plum Royale,2070-20
Tulsa Twilight,2070-10
Violet Dusk,1409
Lavender Blue,1438
Yukon Sky,1439
Irises,1440
Amethyst Shadow,1441
French Violet,1427
Approaching Storm,CSP-535
Spring Flowers,1430
Feather Soft,1431
Freesia,1432
Blue Pearl,1433
Fancy Pants,CSP-525
Bistro Blue,1421
Deep Mulberry,2069-10
Violet Sparkle,1422
Celestia Blue,1429
Blue Viola,1424
Dreamy,1425
Faded Violet,CSP-455
Queen's Wreath,1426
Wood Violet,1428
Whispering Wind,1416
English Hyacinth,1417
Oriental Iris,1418
Persian Violet,1419
Softened Violet,1420
Grape Gum,2068-20
Majestic Violet,2068-10
Lavender Secret,1415
Purple Lace,2068-60
Victorian Trim,2068-50
California Lilac,2068-40
Scandinavian Blue,2068-30
Blackberry Wine,2069-20
Black Berry,2119-20
Nosegay,1401
Angel's Wings,1423
Blue Orchid,2069-50
Violet Stone,2069-40
Darkest Grape,2069-30
Super Nova,1414
Plum Martini,CSP-540
White Heaven,2068-70
Spring Iris,1402
Lavender Mist,2070-60
Enchanted,2070-50
Spring Purple,2070-40
Plum Royale,2070-20
Tulsa Twilight,2070-10
Violet Dusk,1409
Lavender Blue,1438
Yukon Sky,1439
Irises,1440
Amethyst Shadow,1441
French Violet,1427
Approaching Storm,CSP-535
Spring Flowers,1430
Feather Soft,1431
Freesia,1432
Blue Pearl,1433
Fancy Pants,CSP-525
Bistro Blue,1421
Deep Mulberry,2069-10
Violet Sparkle,1422
Celestia Blue,1429
Blue Viola,1424
Dreamy,1425
Faded Violet,CSP-455
Queen's Wreath,1426
Wood Violet,1428
Whispering Wind,1416
English Hyacinth,1417
Oriental Iris,1418
Persian Violet,1419
Softened Violet,1420
Grape Gum,2068-20
Majestic Violet,2068-10
Lavender Secret,1415
Purple Lace,2068-60
Victorian Trim,2068-50
California Lilac,2068-40
Scandinavian Blue,2068-30
Blackberry Wine,2069-20
Black Berry,2119-20
Nosegay,1401
Angel's Wings,1423
Blue Orchid,2069-50
Violet Stone,2069-40
Darkest Grape,2069-30
Super Nova,1414
Plum Martini,CSP-540
White Heaven,2068-70
Spring Iris,1402
Lavender Mist,2070-60
Enchanted,2070-50
Spring Purple,2070-40
Plum Royale,2070-20
Tulsa Twilight,2070-10
Violet Dusk,1409
Lavender Blue,1438
Yukon Sky,1439
Irises,1440
Amethyst Shadow,1441
French Violet,1427
Approaching Storm,CSP-535
Spring Flowers,1430
Feather Soft,1431
Freesia,1432
Blue Pearl,1433
Fancy Pants,CSP-525
Bistro Blue,1421
Deep Mulberry,2069-10
Violet Sparkle,1422
Celestia Blue,1429
Blue Viola,1424
Dreamy,1425
Faded Violet,CSP-455
Queen's Wreath,1426
Wood Violet,1428
Whispering Wind,1416
English Hyacinth,1417
Oriental Iris,1418
Persian Violet,1419
Softened Violet,1420
Grape Gum,2068-20
Majestic Violet,2068-10
Lavender Secret,1415
Purple Lace,2068-60
Victorian Trim,2068-50
California Lilac,2068-40
Scandinavian Blue,2068-30
Blackberry Wine,2069-20
Black Berry,2119-20
Nosegay,1401
Angel's Wings,1423
Blue Orchid,2069-50
Violet Stone,2069-40
Darkest Grape,2069-30
Super Nova,1414
Plum Martini,CSP-540
White Heaven,2068-70
Spring Iris,1402
Lavender Mist,2070-60
Enchanted,2070-50
Spring Purple,2070-40
Plum Royale,2070-20
Tulsa Twilight,2070-10
Violet Dusk,1409
Lavender Blue,1438
Yukon Sky,1439
Irises,1440
Amethyst Shadow,1441
French Violet,1427
Approaching Storm,CSP-535
Spring Flowers,1430
Feather Soft,1431
Freesia,1432
Blue Pearl,1433
Fancy Pants,CSP-525
Bistro Blue,1421
Deep Mulberry,2069-10
Violet Sparkle,1422
Celestia Blue,1429
Blue Viola,1424
Dreamy,1425
Faded Violet,CSP-455
Queen's Wreath,1426
Wood Violet,1428
Whispering Wind,1416
English Hyacinth,1417
Oriental Iris,1418
Persian Violet,1419
Softened Violet,1420
Grape Gum,2068-20
Majestic Violet,2068-10
Lavender Secret,1415
Purple Lace,2068-60
Victorian Trim,2068-50
California Lilac,2068-40
Scandinavian Blue,2068-30
Blackberry Wine,2069-20
Black Berry,2119-20
Nosegay,1401
Angel's Wings,1423
Blue Orchid,2069-50
Violet Stone,2069-40
Darkest Grape,2069-30
Super Nova,1414
Plum Martini,CSP-540
White Heaven,2068-70
Spring Iris,1402
Lavender Mist,2070-60
Enchanted,2070-50
Spring Purple,2070-40
Plum Royale,2070-20
Tulsa Twilight,2070-10
Violet Dusk,1409
Lavender Blue,1438
Yukon Sky,1439
Irises,1440
Amethyst Shadow,1441
French Violet,1427
Approaching Storm,CSP-535
Spring Flowers,1430
Feather Soft,1431
Freesia,1432
Blue Pearl,1433
Fancy Pants,CSP-525
Bistro Blue,1421
Deep Mulberry,2069-10
Violet Sparkle,1422
Celestia Blue,1429
Blue Viola,1424
Dreamy,1425
Faded Violet,CSP-455
Queen's Wreath,1426
Wood Violet,1428
Whispering Wind,1416
English Hyacinth,1417
Oriental Iris,1418
Persian Violet,1419
Softened Violet,1420
Grape Gum,2068-20
Majestic Violet,2068-10
Lavender Secret,1415
Purple Lace,2068-60
Victorian Trim,2068-50
California Lilac,2068-40
Scandinavian Blue,2068-30
Blackberry Wine,2069-20
Black Berry,2119-20
Nosegay,1401
Angel's Wings,1423
Blue Orchid,2069-50
Violet Stone,2069-40
Darkest Grape,2069-30
Super Nova,1414
Plum Martini,CSP-540
White Heaven,2068-70
Spring Iris,1402
Lavender Mist,2070-60
Enchanted,2070-50
Spring Purple,2070-40
Plum Royale,2070-20
Tulsa Twilight,2070-10
Abalone,2108-60
Wish,AF-680
London Fog,1541
Himalayan Trek,1542
Upper West Side,CSP-70
Gothic Arch,CSP-80
Tweed Coat,CSP-85
Grandma's China,CSP-365
Barren Plain,2111-60
Apparition,860
Stone Harbor,2111-50
Castle Gate,CSP-75
Eagle Rock,1469
Bear Creek,1470
Cumulus Cloud,1550
La Paloma Gray,1551
Silver Fox,2108-50
Smoke & Mirrors,CSP-105
Museum Piece,CSP-40
Taos Taupe,2111-40
Sparrow,AF-720
Revere Pewter,HC-172
Seattle Mist,1535
Northern Cliffs,1536
Chateau,CSP-140
Rockport Gray,HC-105
Smoked Truffle,CSP-145
Squirrel Tail,1476
Vapor Trails,1556
Gray Horse,2140-50
Sea Haze,2137-50
Oil Cloth,CSP-760
Storm Cloud Gray,2140-40
Sharkskin,2139-30
Topsoil,CC-692
Silver Song,1557
Fieldstone,1558
Arctic Shadows,1559
Cos Cob Stonewall,1483
Amherst Gray,HC-167
Kendall Charcoal,HC-166
Iron Mountain,2134-30
Light Pewter,1464
Nimbus,1465
Gray Huskie,1473
Cape May Cobblestone,1474
Graystone,1475
Dolphin,AF-715
Chelsea Gray,HC-168
Abalone,2108-60
Wish,AF-680
London Fog,1541
Himalayan Trek,1542
Upper West Side,CSP-70
Gothic Arch,CSP-80
Tweed Coat,CSP-85
Grandma's China,CSP-365
Barren Plain,2111-60
Apparition,860
Stone Harbor,2111-50
Castle Gate,CSP-75
Eagle Rock,1469
Bear Creek,1470
Cumulus Cloud,1550
La Paloma Gray,1551
Silver Fox,2108-50
Smoke & Mirrors,CSP-105
Museum Piece,CSP-40
Taos Taupe,2111-40
Sparrow,AF-720
Revere Pewter,HC-172
Seattle Mist,1535
Northern Cliffs,1536
Chateau,CSP-140
Rockport Gray,HC-105
Smoked Truffle,CSP-145
Squirrel Tail,1476
Vapor Trails,1556
Gray Horse,2140-50
Sea Haze,2137-50
Oil Cloth,CSP-760
Storm Cloud Gray,2140-40
Sharkskin,2139-30
Topsoil,CC-692
Silver Song,1557
Fieldstone,1558
Arctic Shadows,1559
Cos Cob Stonewall,1483
Amherst Gray,HC-167
Kendall Charcoal,HC-166
Iron Mountain,2134-30
Light Pewter,1464
Nimbus,1465
Gray Huskie,1473
Cape May Cobblestone,1474
Graystone,1475
Dolphin,AF-715
Chelsea Gray,HC-168
Abalone,2108-60
Wish,AF-680
London Fog,1541
Himalayan Trek,1542
Upper West Side,CSP-70
Gothic Arch,CSP-80
Tweed Coat,CSP-85
Grandma's China,CSP-365
Barren Plain,2111-60
Apparition,860
Stone Harbor,2111-50
Castle Gate,CSP-75
Eagle Rock,1469
Bear Creek,1470
Cumulus Cloud,1550
La Paloma Gray,1551
Silver Fox,2108-50
Smoke & Mirrors,CSP-105
Museum Piece,CSP-40
Taos Taupe,2111-40
Sparrow,AF-720
Revere Pewter,HC-172
Seattle Mist,1535
Northern Cliffs,1536
Chateau,CSP-140
Rockport Gray,HC-105
Smoked Truffle,CSP-145
Squirrel Tail,1476
Vapor Trails,1556
Gray Horse,2140-50
Sea Haze,2137-50
Oil Cloth,CSP-760
Storm Cloud Gray,2140-40
Sharkskin,2139-30
Topsoil,CC-692
Silver Song,1557
Fieldstone,1558
Arctic Shadows,1559
Cos Cob Stonewall,1483
Amherst Gray,HC-167
Kendall Charcoal,HC-166
Iron Mountain,2134-30
Light Pewter,1464
Nimbus,1465
Gray Huskie,1473
Cape May Cobblestone,1474
Graystone,1475
Dolphin,AF-715
Chelsea Gray,HC-168
Abalone,2108-60
Wish,AF-680
London Fog,1541
Himalayan Trek,1542
Upper West Side,CSP-70
Gothic Arch,CSP-80
Tweed Coat,CSP-85
Grandma's China,CSP-365
Barren Plain,2111-60
Apparition,860
Stone Harbor,2111-50
Castle Gate,CSP-75
Eagle Rock,1469
Bear Creek,1470
Cumulus Cloud,1550
La Paloma Gray,1551
Silver Fox,2108-50
Smoke & Mirrors,CSP-105
Museum Piece,CSP-40
Taos Taupe,2111-40
Sparrow,AF-720
Revere Pewter,HC-172
Seattle Mist,1535
Northern Cliffs,1536
Chateau,CSP-140
Rockport Gray,HC-105
Smoked Truffle,CSP-145
Squirrel Tail,1476
Vapor Trails,1556
Gray Horse,2140-50
Sea Haze,2137-50
Oil Cloth,CSP-760
Storm Cloud Gray,2140-40
Sharkskin,2139-30
Topsoil,CC-692
Silver Song,1557
Fieldstone,1558
Arctic Shadows,1559
Cos Cob Stonewall,1483
Amherst Gray,HC-167
Kendall Charcoal,HC-166
Iron Mountain,2134-30
Light Pewter,1464
Nimbus,1465
Gray Huskie,1473
Cape May Cobblestone,1474
Graystone,1475
Dolphin,AF-715
Chelsea Gray,HC-168
Abalone,2108-60
Wish,AF-680
London Fog,1541
Himalayan Trek,1542
Upper West Side,CSP-70
Gothic Arch,CSP-80
Tweed Coat,CSP-85
Grandma's China,CSP-365
Barren Plain,2111-60
Apparition,860
Stone Harbor,2111-50
Castle Gate,CSP-75
Eagle Rock,1469
Bear Creek,1470
Cumulus Cloud,1550
La Paloma Gray,1551
Silver Fox,2108-50
Smoke & Mirrors,CSP-105
Museum Piece,CSP-40
Taos Taupe,2111-40
Sparrow,AF-720
Revere Pewter,HC-172
Seattle Mist,1535
Northern Cliffs,1536
Chateau,CSP-140
Rockport Gray,HC-105
Smoked Truffle,CSP-145
Squirrel Tail,1476
Vapor Trails,1556
Gray Horse,2140-50
Sea Haze,2137-50
Oil Cloth,CSP-760
Storm Cloud Gray,2140-40
Sharkskin,2139-30
Topsoil,CC-692
Silver Song,1557
Fieldstone,1558
Arctic Shadows,1559
Cos Cob Stonewall,1483
Amherst Gray,HC-167
Kendall Charcoal,HC-166
Iron Mountain,2134-30
Light Pewter,1464
Nimbus,1465
Gray Huskie,1473
Cape May Cobblestone,1474
Graystone,1475
Dolphin,AF-715
Chelsea Gray,HC-168
Abalone,2108-60
Wish,AF-680
London Fog,1541
Himalayan Trek,1542
Upper West Side,CSP-70
Gothic Arch,CSP-80
Tweed Coat,CSP-85
Grandma's China,CSP-365
Barren Plain,2111-60
Apparition,860
Stone Harbor,2111-50
Castle Gate,CSP-75
Eagle Rock,1469
Bear Creek,1470
Cumulus Cloud,1550
La Paloma Gray,1551
Silver Fox,2108-50
Smoke & Mirrors,CSP-105
Museum Piece,CSP-40
Taos Taupe,2111-40
Sparrow,AF-720
Revere Pewter,HC-172
Seattle Mist,1535
Northern Cliffs,1536
Chateau,CSP-140
Rockport Gray,HC-105
Smoked Truffle,CSP-145
Squirrel Tail,1476
Vapor Trails,1556
Gray Horse,2140-50
Sea Haze,2137-50
Oil Cloth,CSP-760
Storm Cloud Gray,2140-40
Sharkskin,2139-30
Topsoil,CC-692
Silver Song,1557
Fieldstone,1558
Arctic Shadows,1559
Cos Cob Stonewall,1483
Amherst Gray,HC-167
Kendall Charcoal,HC-166
Iron Mountain,2134-30
Light Pewter,1464
Nimbus,1465
Gray Huskie,1473
Cape May Cobblestone,1474
Graystone,1475
Dolphin,AF-715
Chelsea Gray,HC-168
Abalone,2108-60
Wish,AF-680
London Fog,1541
Himalayan Trek,1542
Upper West Side,CSP-70
Gothic Arch,CSP-80
Tweed Coat,CSP-85
Grandma's China,CSP-365
Barren Plain,2111-60
Apparition,860
Stone Harbor,2111-50
Castle Gate,CSP-75
Eagle Rock,1469
Bear Creek,1470
Cumulus Cloud,1550
La Paloma Gray,1551
Silver Fox,2108-50
Smoke & Mirrors,CSP-105
Museum Piece,CSP-40
Taos Taupe,2111-40
Sparrow,AF-720
Revere Pewter,HC-172
Seattle Mist,1535
Northern Cliffs,1536
Chateau,CSP-140
Rockport Gray,HC-105
Smoked Truffle,CSP-145
Squirrel Tail,1476
Vapor Trails,1556
Gray Horse,2140-50
Sea Haze,2137-50
Oil Cloth,CSP-760
Storm Cloud Gray,2140-40
Sharkskin,2139-30
Topsoil,CC-692
Silver Song,1557
Fieldstone,1558
Arctic Shadows,1559
Cos Cob Stonewall,1483
Amherst Gray,HC-167
Kendall Charcoal,HC-166
Iron Mountain,2134-30
Light Pewter,1464
Nimbus,1465
Gray Huskie,1473
Cape May Cobblestone,1474
Graystone,1475
Dolphin,AF-715
Chelsea Gray,HC-168
Abalone,2108-60
Wish,AF-680
London Fog,1541
Himalayan Trek,1542
Upper West Side,CSP-70
Gothic Arch,CSP-80
Tweed Coat,CSP-85
Grandma's China,CSP-365
Barren Plain,2111-60
Apparition,860
Stone Harbor,2111-50
Castle Gate,CSP-75
Eagle Rock,1469
Bear Creek,1470
Cumulus Cloud,1550
La Paloma Gray,1551
Silver Fox,2108-50
Smoke & Mirrors,CSP-105
Museum Piece,CSP-40
Taos Taupe,2111-40
Sparrow,AF-720
Revere Pewter,HC-172
Seattle Mist,1535
Northern Cliffs,1536
Chateau,CSP-140
Rockport Gray,HC-105
Smoked Truffle,CSP-145
Squirrel Tail,1476
Vapor Trails,1556
Gray Horse,2140-50
Sea Haze,2137-50
Oil Cloth,CSP-760
Storm Cloud Gray,2140-40
Sharkskin,2139-30
Topsoil,CC-692
Silver Song,1557
Fieldstone,1558
Arctic Shadows,1559
Cos Cob Stonewall,1483
Amherst Gray,HC-167
Kendall Charcoal,HC-166
Iron Mountain,2134-30
Light Pewter,1464
Nimbus,1465
Gray Huskie,1473
Cape May Cobblestone,1474
Graystone,1475
Dolphin,AF-715
Chelsea Gray,HC-168
Abalone,2108-60
Wish,AF-680
London Fog,1541
Himalayan Trek,1542
Upper West Side,CSP-70
Gothic Arch,CSP-80
Tweed Coat,CSP-85
Grandma's China,CSP-365
Barren Plain,2111-60
Apparition,860
Stone Harbor,2111-50
Castle Gate,CSP-75
Eagle Rock,1469
Bear Creek,1470
Cumulus Cloud,1550
La Paloma Gray,1551
Silver Fox,2108-50
Smoke & Mirrors,CSP-105
Museum Piece,CSP-40
Taos Taupe,2111-40
Sparrow,AF-720
Revere Pewter,HC-172
Seattle Mist,1535
Northern Cliffs,1536
Chateau,CSP-140
Rockport Gray,HC-105
Smoked Truffle,CSP-145
Squirrel Tail,1476
Vapor Trails,1556
Gray Horse,2140-50
Sea Haze,2137-50
Oil Cloth,CSP-760
Storm Cloud Gray,2140-40
Sharkskin,2139-30
Topsoil,CC-692
Silver Song,1557
Fieldstone,1558
Arctic Shadows,1559
Cos Cob Stonewall,1483
Amherst Gray,HC-167
Kendall Charcoal,HC-166
Iron Mountain,2134-30
Light Pewter,1464
Nimbus,1465
Gray Huskie,1473
Cape May Cobblestone,1474
Graystone,1475
Dolphin,AF-715
Chelsea Gray,HC-168
Abalone,2108-60
Wish,AF-680
London Fog,1541
Himalayan Trek,1542
Upper West Side,CSP-70
Gothic Arch,CSP-80
Tweed Coat,CSP-85
Grandma's China,CSP-365
Barren Plain,2111-60
Apparition,860
Stone Harbor,2111-50
Castle Gate,CSP-75
Eagle Rock,1469
Bear Creek,1470
Cumulus Cloud,1550
La Paloma Gray,1551
Silver Fox,2108-50
Smoke & Mirrors,CSP-105
Museum Piece,CSP-40
Taos Taupe,2111-40
Sparrow,AF-720
Revere Pewter,HC-172
Seattle Mist,1535
Northern Cliffs,1536
Chateau,CSP-140
Rockport Gray,HC-105
Smoked Truffle,CSP-145
Squirrel Tail,1476
Vapor Trails,1556
Gray Horse,2140-50
Sea Haze,2137-50
Oil Cloth,CSP-760
Storm Cloud Gray,2140-40
Sharkskin,2139-30
Topsoil,CC-692
Silver Song,1557
Fieldstone,1558
Arctic Shadows,1559
Cos Cob Stonewall,1483
Amherst Gray,HC-167
Kendall Charcoal,HC-166
Iron Mountain,2134-30
Light Pewter,1464
Nimbus,1465
Gray Huskie,1473
Cape May Cobblestone,1474
Graystone,1475
Dolphin,AF-715
Chelsea Gray,HC-168
Cedar Ridge,1233
Cappuccino,2096-50
Baywood Brown,1234
Santa Fe Tan,2097-40
Butternut Brown,2095-30
Antler Brown,2095-20
Adirondack Brown,2095-10
Early Sunset,2096-70
Light Mocha,2096-60
Monticello Rose,HC-63
Foxy Brown,1181
Drenched Sienna,1182
Fallen Leaf,CSP-330
Cimarron,2093-10
Rose Accent,1177
Pale Petal,1178
Soul Mate,1179
Rosedale,1180
Brindle,1183
Copper Mine,2094-20
Earthly Russet,2173-10
Shell Pink,883
Head Over Heels,AF-250
Ciao Bella,1187
Palmetto Pink,1188
Giant Sequoia,2094-30
Tawny Rose,2173-20
Toasted Chestnut,2174-10
Tropical Sand,2101-70
Pale Cherry Blossom,2101-60
Allspice,2101-50
Almond Beige,2101-40
Warm Brownie,2101-30
Cocoa Brown,2101-20
Suede Brown,2101-10
Victorian Lace,2100-70
Bermuda Sands,2100-60
Pebble Stone,2100-50
Appalachian Spring,2100-40
English Brown,2100-30
Leather Saddle Brown,2100-20
Mocha Madness,2100-10
Mauve Hint,878
Malted Milk,2099-60
Café Mocha,2099-50
Autumn Brown,2099-40
Espresso,2099-30
Cupcake,2099-20
Brown,2099-10
Cedar Ridge,1233
Cappuccino,2096-50
Baywood Brown,1234
Santa Fe Tan,2097-40
Butternut Brown,2095-30
Antler Brown,2095-20
Adirondack Brown,2095-10
Early Sunset,2096-70
Light Mocha,2096-60
Monticello Rose,HC-63
Foxy Brown,1181
Drenched Sienna,1182
Fallen Leaf,CSP-330
Cimarron,2093-10
Rose Accent,1177
Pale Petal,1178
Soul Mate,1179
Rosedale,1180
Brindle,1183
Copper Mine,2094-20
Earthly Russet,2173-10
Shell Pink,883
Head Over Heels,AF-250
Ciao Bella,1187
Palmetto Pink,1188
Giant Sequoia,2094-30
Tawny Rose,2173-20
Toasted Chestnut,2174-10
Tropical Sand,2101-70
Pale Cherry Blossom,2101-60
Allspice,2101-50
Almond Beige,2101-40
Warm Brownie,2101-30
Cocoa Brown,2101-20
Suede Brown,2101-10
Victorian Lace,2100-70
Bermuda Sands,2100-60
Pebble Stone,2100-50
Appalachian Spring,2100-40
English Brown,2100-30
Leather Saddle Brown,2100-20
Mocha Madness,2100-10
Mauve Hint,878
Malted Milk,2099-60
Café Mocha,2099-50
Autumn Brown,2099-40
Espresso,2099-30
Cupcake,2099-20
Brown,2099-10
Cedar Ridge,1233
Cappuccino,2096-50
Baywood Brown,1234
Santa Fe Tan,2097-40
Butternut Brown,2095-30
Antler Brown,2095-20
Adirondack Brown,2095-10
Early Sunset,2096-70
Light Mocha,2096-60
Monticello Rose,HC-63
Foxy Brown,1181
Drenched Sienna,1182
Fallen Leaf,CSP-330
Cimarron,2093-10
Rose Accent,1177
Pale Petal,1178
Soul Mate,1179
Rosedale,1180
Brindle,1183
Copper Mine,2094-20
Earthly Russet,2173-10
Shell Pink,883
Head Over Heels,AF-250
Ciao Bella,1187
Palmetto Pink,1188
Giant Sequoia,2094-30
Tawny Rose,2173-20
Toasted Chestnut,2174-10
Tropical Sand,2101-70
Pale Cherry Blossom,2101-60
Allspice,2101-50
Almond Beige,2101-40
Warm Brownie,2101-30
Cocoa Brown,2101-20
Suede Brown,2101-10
Victorian Lace,2100-70
Bermuda Sands,2100-60
Pebble Stone,2100-50
Appalachian Spring,2100-40
English Brown,2100-30
Leather Saddle Brown,2100-20
Mocha Madness,2100-10
Mauve Hint,878
Malted Milk,2099-60
Café Mocha,2099-50
Autumn Brown,2099-40
Espresso,2099-30
Cupcake,2099-20
Brown,2099-10
Cedar Ridge,1233
Cappuccino,2096-50
Baywood Brown,1234
Santa Fe Tan,2097-40
Butternut Brown,2095-30
Antler Brown,2095-20
Adirondack Brown,2095-10
Early Sunset,2096-70
Light Mocha,2096-60
Monticello Rose,HC-63
Foxy Brown,1181
Drenched Sienna,1182
Fallen Leaf,CSP-330
Cimarron,2093-10
Rose Accent,1177
Pale Petal,1178
Soul Mate,1179
Rosedale,1180
Brindle,1183
Copper Mine,2094-20
Earthly Russet,2173-10
Shell Pink,883
Head Over Heels,AF-250
Ciao Bella,1187
Palmetto Pink,1188
Giant Sequoia,2094-30
Tawny Rose,2173-20
Toasted Chestnut,2174-10
Tropical Sand,2101-70
Pale Cherry Blossom,2101-60
Allspice,2101-50
Almond Beige,2101-40
Warm Brownie,2101-30
Cocoa Brown,2101-20
Suede Brown,2101-10
Victorian Lace,2100-70
Bermuda Sands,2100-60
Pebble Stone,2100-50
Appalachian Spring,2100-40
English Brown,2100-30
Leather Saddle Brown,2100-20
Mocha Madness,2100-10
Mauve Hint,878
Malted Milk,2099-60
Café Mocha,2099-50
Autumn Brown,2099-40
Espresso,2099-30
Cupcake,2099-20
Brown,2099-10
Cedar Ridge,1233
Cappuccino,2096-50
Baywood Brown,1234
Santa Fe Tan,2097-40
Butternut Brown,2095-30
Antler Brown,2095-20
Adirondack Brown,2095-10
Early Sunset,2096-70
Light Mocha,2096-60
Monticello Rose,HC-63
Foxy Brown,1181
Drenched Sienna,1182
Fallen Leaf,CSP-330
Cimarron,2093-10
Rose Accent,1177
Pale Petal,1178
Soul Mate,1179
Rosedale,1180
Brindle,1183
Copper Mine,2094-20
Earthly Russet,2173-10
Shell Pink,883
Head Over Heels,AF-250
Ciao Bella,1187
Palmetto Pink,1188
Giant Sequoia,2094-30
Tawny Rose,2173-20
Toasted Chestnut,2174-10
Tropical Sand,2101-70
Pale Cherry Blossom,2101-60
Allspice,2101-50
Almond Beige,2101-40
Warm Brownie,2101-30
Cocoa Brown,2101-20
Suede Brown,2101-10
Victorian Lace,2100-70
Bermuda Sands,2100-60
Pebble Stone,2100-50
Appalachian Spring,2100-40
English Brown,2100-30
Leather Saddle Brown,2100-20
Mocha Madness,2100-10
Mauve Hint,878
Malted Milk,2099-60
Café Mocha,2099-50
Autumn Brown,2099-40
Espresso,2099-30
Cupcake,2099-20
Brown,2099-10
Cedar Ridge,1233
Cappuccino,2096-50
Baywood Brown,1234
Santa Fe Tan,2097-40
Butternut Brown,2095-30
Antler Brown,2095-20
Adirondack Brown,2095-10
Early Sunset,2096-70
Light Mocha,2096-60
Monticello Rose,HC-63
Foxy Brown,1181
Drenched Sienna,1182
Fallen Leaf,CSP-330
Cimarron,2093-10
Rose Accent,1177
Pale Petal,1178
Soul Mate,1179
Rosedale,1180
Brindle,1183
Copper Mine,2094-20
Earthly Russet,2173-10
Shell Pink,883
Head Over Heels,AF-250
Ciao Bella,1187
Palmetto Pink,1188
Giant Sequoia,2094-30
Tawny Rose,2173-20
Toasted Chestnut,2174-10
Tropical Sand,2101-70
Pale Cherry Blossom,2101-60
Allspice,2101-50
Almond Beige,2101-40
Warm Brownie,2101-30
Cocoa Brown,2101-20
Suede Brown,2101-10
Victorian Lace,2100-70
Bermuda Sands,2100-60
Pebble Stone,2100-50
Appalachian Spring,2100-40
English Brown,2100-30
Leather Saddle Brown,2100-20
Mocha Madness,2100-10
Mauve Hint,878
Malted Milk,2099-60
Café Mocha,2099-50
Autumn Brown,2099-40
Espresso,2099-30
Cupcake,2099-20
Brown,2099-10
Cedar Ridge,1233
Cappuccino,2096-50
Baywood Brown,1234
Santa Fe Tan,2097-40
Butternut Brown,2095-30
Antler Brown,2095-20
Adirondack Brown,2095-10
Early Sunset,2096-70
Light Mocha,2096-60
Monticello Rose,HC-63
Foxy Brown,1181
Drenched Sienna,1182
Fallen Leaf,CSP-330
Cimarron,2093-10
Rose Accent,1177
Pale Petal,1178
Soul Mate,1179
Rosedale,1180
Brindle,1183
Copper Mine,2094-20
Earthly Russet,2173-10
Shell Pink,883
Head Over Heels,AF-250
Ciao Bella,1187
Palmetto Pink,1188
Giant Sequoia,2094-30
Tawny Rose,2173-20
Toasted Chestnut,2174-10
Tropical Sand,2101-70
Pale Cherry Blossom,2101-60
Allspice,2101-50
Almond Beige,2101-40
Warm Brownie,2101-30
Cocoa Brown,2101-20
Suede Brown,2101-10
Victorian Lace,2100-70
Bermuda Sands,2100-60
Pebble Stone,2100-50
Appalachian Spring,2100-40
English Brown,2100-30
Leather Saddle Brown,2100-20
Mocha Madness,2100-10
Mauve Hint,878
Malted Milk,2099-60
Café Mocha,2099-50
Autumn Brown,2099-40
Espresso,2099-30
Cupcake,2099-20
Brown,2099-10
Cedar Ridge,1233
Cappuccino,2096-50
Baywood Brown,1234
Santa Fe Tan,2097-40
Butternut Brown,2095-30
Antler Brown,2095-20
Adirondack Brown,2095-10
Early Sunset,2096-70
Light Mocha,2096-60
Monticello Rose,HC-63
Foxy Brown,1181
Drenched Sienna,1182
Fallen Leaf,CSP-330
Cimarron,2093-10
Rose Accent,1177
Pale Petal,1178
Soul Mate,1179
Rosedale,1180
Brindle,1183
Copper Mine,2094-20
Earthly Russet,2173-10
Shell Pink,883
Head Over Heels,AF-250
Ciao Bella,1187
Palmetto Pink,1188
Giant Sequoia,2094-30
Tawny Rose,2173-20
Toasted Chestnut,2174-10
Tropical Sand,2101-70
Pale Cherry Blossom,2101-60
Allspice,2101-50
Almond Beige,2101-40
Warm Brownie,2101-30
Cocoa Brown,2101-20
Suede Brown,2101-10
Victorian Lace,2100-70
Bermuda Sands,2100-60
Pebble Stone,2100-50
Appalachian Spring,2100-40
English Brown,2100-30
Leather Saddle Brown,2100-20
Mocha Madness,2100-10
Mauve Hint,878
Malted Milk,2099-60
Café Mocha,2099-50
Autumn Brown,2099-40
Espresso,2099-30
Cupcake,2099-20
Brown,2099-10
Cedar Ridge,1233
Cappuccino,2096-50
Baywood Brown,1234
Santa Fe Tan,2097-40
Butternut Brown,2095-30
Antler Brown,2095-20
Adirondack Brown,2095-10
Early Sunset,2096-70
Light Mocha,2096-60
Monticello Rose,HC-63
Foxy Brown,1181
Drenched Sienna,1182
Fallen Leaf,CSP-330
Cimarron,2093-10
Rose Accent,1177
Pale Petal,1178
Soul Mate,1179
Rosedale,1180
Brindle,1183
Copper Mine,2094-20
Earthly Russet,2173-10
Shell Pink,883
Head Over Heels,AF-250
Ciao Bella,1187
Palmetto Pink,1188
Giant Sequoia,2094-30
Tawny Rose,2173-20
Toasted Chestnut,2174-10
Tropical Sand,2101-70
Pale Cherry Blossom,2101-60
Allspice,2101-50
Almond Beige,2101-40
Warm Brownie,2101-30
Cocoa Brown,2101-20
Suede Brown,2101-10
Victorian Lace,2100-70
Bermuda Sands,2100-60
Pebble Stone,2100-50
Appalachian Spring,2100-40
English Brown,2100-30
Leather Saddle Brown,2100-20
Mocha Madness,2100-10
Mauve Hint,878
Malted Milk,2099-60
Café Mocha,2099-50
Autumn Brown,2099-40
Espresso,2099-30
Cupcake,2099-20
Brown,2099-10
Cedar Ridge,1233
Cappuccino,2096-50
Baywood Brown,1234
Santa Fe Tan,2097-40
Butternut Brown,2095-30
Antler Brown,2095-20
Adirondack Brown,2095-10
Early Sunset,2096-70
Light Mocha,2096-60
Monticello Rose,HC-63
Foxy Brown,1181
Drenched Sienna,1182
Fallen Leaf,CSP-330
Cimarron,2093-10
Rose Accent,1177
Pale Petal,1178
Soul Mate,1179
Rosedale,1180
Brindle,1183
Copper Mine,2094-20
Earthly Russet,2173-10
Shell Pink,883
Head Over Heels,AF-250
Ciao Bella,1187
Palmetto Pink,1188
Giant Sequoia,2094-30
Tawny Rose,2173-20
Toasted Chestnut,2174-10
Tropical Sand,2101-70
Pale Cherry Blossom,2101-60
Allspice,2101-50
Almond Beige,2101-40
Warm Brownie,2101-30
Cocoa Brown,2101-20
Suede Brown,2101-10
Victorian Lace,2100-70
Bermuda Sands,2100-60
Pebble Stone,2100-50
Appalachian Spring,2100-40
English Brown,2100-30
Leather Saddle Brown,2100-20
Mocha Madness,2100-10
Mauve Hint,878
Malted Milk,2099-60
Café Mocha,2099-50
Autumn Brown,2099-40
Espresso,2099-30
Cupcake,2099-20
Brown,2099-10
White Opulence,OC-69
Alabaster,OC-129
Gardenia,AF-10
Pink Damask,OC-72
Sand Dollar,OC-71
Whitewater Bay,OC-70
Vintage Taupe,2110-70
Opal,OC-73
Colonial Cream,OC-77
Parchment,OC-78
Onyx White,OC-74
Pristine,OC-75
Old Country,OC-76
Brandy Cream,OC-4
Butter Pecan,OC-89
Bare,OC-98
Capri Coast,OC-87
Evening White,OC-81
Antique White,OC-83
Old Fashioned Peach,OC-79
Pirates Cove Beach,OC-80
Cream Froth,OC-97
Sugar Cookie,OC-93
Ivory Tusk,OC-91
Devon Cream,OC-102
Pompeii,OC-82
Desolate,OC-101
Crème Caramel,OC-84
White Blush,OC-86
Collector's Item,AF-45
Indian White,OC-88
Deserted Island,OC-99
Lambskin,OC-3
Muslin,OC-12
Cedar Key,OC-16
Timid White,OC-39
Feather Down,OC-6
Maritime White,OC-5
Sail Cloth,OC-142
Creamy White,OC-7
White Sand,OC-10
Clay Beige,OC-11
Linen White,OC-146
Navajo White,OC-95
Albescent,OC-40
Natural Wicker,OC-1
Palace White,OC-100
Gentle Cream,OC-96
Pale Almond,OC-2
White Opulence,OC-69
Alabaster,OC-129
Gardenia,AF-10
Pink Damask,OC-72
Sand Dollar,OC-71
Whitewater Bay,OC-70
Vintage Taupe,2110-70
Opal,OC-73
Colonial Cream,OC-77
Parchment,OC-78
Onyx White,OC-74
Pristine,OC-75
Old Country,OC-76
Brandy Cream,OC-4
Butter Pecan,OC-89
Bare,OC-98
Capri Coast,OC-87
Evening White,OC-81
Antique White,OC-83
Old Fashioned Peach,OC-79
Pirates Cove Beach,OC-80
Cream Froth,OC-97
Sugar Cookie,OC-93
Ivory Tusk,OC-91
Devon Cream,OC-102
Pompeii,OC-82
Desolate,OC-101
Crème Caramel,OC-84
White Blush,OC-86
Collector's Item,AF-45
Indian White,OC-88
Deserted Island,OC-99
Lambskin,OC-3
Muslin,OC-12
Cedar Key,OC-16
Timid White,OC-39
Feather Down,OC-6
Maritime White,OC-5
Sail Cloth,OC-142
Creamy White,OC-7
White Sand,OC-10
Clay Beige,OC-11
Linen White,OC-146
Navajo White,OC-95
Albescent,OC-40
Natural Wicker,OC-1
Palace White,OC-100
Gentle Cream,OC-96
Pale Almond,OC-2
White Opulence,OC-69
Alabaster,OC-129
Gardenia,AF-10
Pink Damask,OC-72
Sand Dollar,OC-71
Whitewater Bay,OC-70
Vintage Taupe,2110-70
Opal,OC-73
Colonial Cream,OC-77
Parchment,OC-78
Onyx White,OC-74
Pristine,OC-75
Old Country,OC-76
Brandy Cream,OC-4
Butter Pecan,OC-89
Bare,OC-98
Capri Coast,OC-87
Evening White,OC-81
Antique White,OC-83
Old Fashioned Peach,OC-79
Pirates Cove Beach,OC-80
Cream Froth,OC-97
Sugar Cookie,OC-93
Ivory Tusk,OC-91
Devon Cream,OC-102
Pompeii,OC-82
Desolate,OC-101
Crème Caramel,OC-84
White Blush,OC-86
Collector's Item,AF-45
Indian White,OC-88
Deserted Island,OC-99
Lambskin,OC-3
Muslin,OC-12
Cedar Key,OC-16
Timid White,OC-39
Feather Down,OC-6
Maritime White,OC-5
Sail Cloth,OC-142
Creamy White,OC-7
White Sand,OC-10
Clay Beige,OC-11
Linen White,OC-146
Navajo White,OC-95
Albescent,OC-40
Natural Wicker,OC-1
Palace White,OC-100
Gentle Cream,OC-96
Pale Almond,OC-2
White Opulence,OC-69
Alabaster,OC-129
Gardenia,AF-10
Pink Damask,OC-72
Sand Dollar,OC-71
Whitewater Bay,OC-70
Vintage Taupe,2110-70
Opal,OC-73
Colonial Cream,OC-77
Parchment,OC-78
Onyx White,OC-74
Pristine,OC-75
Old Country,OC-76
Brandy Cream,OC-4
Butter Pecan,OC-89
Bare,OC-98
Capri Coast,OC-87
Evening White,OC-81
Antique White,OC-83
Old Fashioned Peach,OC-79
Pirates Cove Beach,OC-80
Cream Froth,OC-97
Sugar Cookie,OC-93
Ivory Tusk,OC-91
Devon Cream,OC-102
Pompeii,OC-82
Desolate,OC-101
Crème Caramel,OC-84
White Blush,OC-86
Collector's Item,AF-45
Indian White,OC-88
Deserted Island,OC-99
Lambskin,OC-3
Muslin,OC-12
Cedar Key,OC-16
Timid White,OC-39
Feather Down,OC-6
Maritime White,OC-5
Sail Cloth,OC-142
Creamy White,OC-7
White Sand,OC-10
Clay Beige,OC-11
Linen White,OC-146
Navajo White,OC-95
Albescent,OC-40
Natural Wicker,OC-1
Palace White,OC-100
Gentle Cream,OC-96
Pale Almond,OC-2
White Opulence,OC-69
Alabaster,OC-129
Gardenia,AF-10
Pink Damask,OC-72
Sand Dollar,OC-71
Whitewater Bay,OC-70
Vintage Taupe,2110-70
Opal,OC-73
Colonial Cream,OC-77
Parchment,OC-78
Onyx White,OC-74
Pristine,OC-75
Old Country,OC-76
Brandy Cream,OC-4
Butter Pecan,OC-89
Bare,OC-98
Capri Coast,OC-87
Evening White,OC-81
Antique White,OC-83
Old Fashioned Peach,OC-79
Pirates Cove Beach,OC-80
Cream Froth,OC-97
Sugar Cookie,OC-93
Ivory Tusk,OC-91
Devon Cream,OC-102
Pompeii,OC-82
Desolate,OC-101
Crème Caramel,OC-84
White Blush,OC-86
Collector's Item,AF-45
Indian White,OC-88
Deserted Island,OC-99
Lambskin,OC-3
Muslin,OC-12
Cedar Key,OC-16
Timid White,OC-39
Feather Down,OC-6
Maritime White,OC-5
Sail Cloth,OC-142
Creamy White,OC-7
White Sand,OC-10
Clay Beige,OC-11
Linen White,OC-146
Navajo White,OC-95
Albescent,OC-40
Natural Wicker,OC-1
Palace White,OC-100
Gentle Cream,OC-96
Pale Almond,OC-2
White Opulence,OC-69
Alabaster,OC-129
Gardenia,AF-10
Pink Damask,OC-72
Sand Dollar,OC-71
Whitewater Bay,OC-70
Vintage Taupe,2110-70
Opal,OC-73
Colonial Cream,OC-77
Parchment,OC-78
Onyx White,OC-74
Pristine,OC-75
Old Country,OC-76
Brandy Cream,OC-4
Butter Pecan,OC-89
Bare,OC-98
Capri Coast,OC-87
Evening White,OC-81
Antique White,OC-83
Old Fashioned Peach,OC-79
Pirates Cove Beach,OC-80
Cream Froth,OC-97
Sugar Cookie,OC-93
Ivory Tusk,OC-91
Devon Cream,OC-102
Pompeii,OC-82
Desolate,OC-101
Crème Caramel,OC-84
White Blush,OC-86
Collector's Item,AF-45
Indian White,OC-88
Deserted Island,OC-99
Lambskin,OC-3
Muslin,OC-12
Cedar Key,OC-16
Timid White,OC-39
Feather Down,OC-6
Maritime White,OC-5
Sail Cloth,OC-142
Creamy White,OC-7
White Sand,OC-10
Clay Beige,OC-11
Linen White,OC-146
Navajo White,OC-95
Albescent,OC-40
Natural Wicker,OC-1
Palace White,OC-100
Gentle Cream,OC-96
Pale Almond,OC-2
White Opulence,OC-69
Alabaster,OC-129
Gardenia,AF-10
Pink Damask,OC-72
Sand Dollar,OC-71
Whitewater Bay,OC-70
Vintage Taupe,2110-70
Opal,OC-73
Colonial Cream,OC-77
Parchment,OC-78
Onyx White,OC-74
Pristine,OC-75
Old Country,OC-76
Brandy Cream,OC-4
Butter Pecan,OC-89
Bare,OC-98
Capri Coast,OC-87
Evening White,OC-81
Antique White,OC-83
Old Fashioned Peach,OC-79
Pirates Cove Beach,OC-80
Cream Froth,OC-97
Sugar Cookie,OC-93
Ivory Tusk,OC-91
Devon Cream,OC-102
Pompeii,OC-82
Desolate,OC-101
Crème Caramel,OC-84
White Blush,OC-86
Collector's Item,AF-45
Indian White,OC-88
Deserted Island,OC-99
Lambskin,OC-3
Muslin,OC-12
Cedar Key,OC-16
Timid White,OC-39
Feather Down,OC-6
Maritime White,OC-5
Sail Cloth,OC-142
Creamy White,OC-7
White Sand,OC-10
Clay Beige,OC-11
Linen White,OC-146
Navajo White,OC-95
Albescent,OC-40
Natural Wicker,OC-1
Palace White,OC-100
Gentle Cream,OC-96
Pale Almond,OC-2
White Opulence,OC-69
Alabaster,OC-129
Gardenia,AF-10
Pink Damask,OC-72
Sand Dollar,OC-71
Whitewater Bay,OC-70
Vintage Taupe,2110-70
Opal,OC-73
Colonial Cream,OC-77
Parchment,OC-78
Onyx White,OC-74
Pristine,OC-75
Old Country,OC-76
Brandy Cream,OC-4
Butter Pecan,OC-89
Bare,OC-98
Capri Coast,OC-87
Evening White,OC-81
Antique White,OC-83
Old Fashioned Peach,OC-79
Pirates Cove Beach,OC-80
Cream Froth,OC-97
Sugar Cookie,OC-93
Ivory Tusk,OC-91
Devon Cream,OC-102
Pompeii,OC-82
Desolate,OC-101
Crème Caramel,OC-84
White Blush,OC-86
Collector's Item,AF-45
Indian White,OC-88
Deserted Island,OC-99
Lambskin,OC-3
Muslin,OC-12
Cedar Key,OC-16
Timid White,OC-39
Feather Down,OC-6
Maritime White,OC-5
Sail Cloth,OC-142
Creamy White,OC-7
White Sand,OC-10
Clay Beige,OC-11
Linen White,OC-146
Navajo White,OC-95
Albescent,OC-40
Natural Wicker,OC-1
Palace White,OC-100
Gentle Cream,OC-96
Pale Almond,OC-2
White Opulence,OC-69
Alabaster,OC-129
Gardenia,AF-10
Pink Damask,OC-72
Sand Dollar,OC-71
Whitewater Bay,OC-70
Vintage Taupe,2110-70
Opal,OC-73
Colonial Cream,OC-77
Parchment,OC-78
Onyx White,OC-74
Pristine,OC-75
Old Country,OC-76
Brandy Cream,OC-4
Butter Pecan,OC-89
Bare,OC-98
Capri Coast,OC-87
Evening White,OC-81
Antique White,OC-83
Old Fashioned Peach,OC-79
Pirates Cove Beach,OC-80
Cream Froth,OC-97
Sugar Cookie,OC-93
Ivory Tusk,OC-91
Devon Cream,OC-102
Pompeii,OC-82
Desolate,OC-101
Crème Caramel,OC-84
White Blush,OC-86
Collector's Item,AF-45
Indian White,OC-88
Deserted Island,OC-99
Lambskin,OC-3
Muslin,OC-12
Cedar Key,OC-16
Timid White,OC-39
Feather Down,OC-6
Maritime White,OC-5
Sail Cloth,OC-142
Creamy White,OC-7
White Sand,OC-10
Clay Beige,OC-11
Linen White,OC-146
Navajo White,OC-95
Albescent,OC-40
Natural Wicker,OC-1
Palace White,OC-100
Gentle Cream,OC-96
Pale Almond,OC-2
White Opulence,OC-69
Alabaster,OC-129
Gardenia,AF-10
Pink Damask,OC-72
Sand Dollar,OC-71
Whitewater Bay,OC-70
Vintage Taupe,2110-70
Opal,OC-73
Colonial Cream,OC-77
Parchment,OC-78
Onyx White,OC-74
Pristine,OC-75
Old Country,OC-76
Brandy Cream,OC-4
Butter Pecan,OC-89
Bare,OC-98
Capri Coast,OC-87
Evening White,OC-81
Antique White,OC-83
Old Fashioned Peach,OC-79
Pirates Cove Beach,OC-80
Cream Froth,OC-97
Sugar Cookie,OC-93
Ivory Tusk,OC-91
Devon Cream,OC-102
Pompeii,OC-82
Desolate,OC-101
Crème Caramel,OC-84
White Blush,OC-86
Collector's Item,AF-45
Indian White,OC-88
Deserted Island,OC-99
Lambskin,OC-3
Muslin,OC-12
Cedar Key,OC-16
Timid White,OC-39
Feather Down,OC-6
Maritime White,OC-5
Sail Cloth,OC-142
Creamy White,OC-7
White Sand,OC-10
Clay Beige,OC-11
Linen White,OC-146
Navajo White,OC-95
Albescent,OC-40
Natural Wicker,OC-1
Palace White,OC-100
Gentle Cream,OC-96
Pale Almond,OC-2
White Opulence,OC-69
Alabaster,OC-129
Gardenia,AF-10
Pink Damask,OC-72
Sand Dollar,OC-71
Whitewater Bay,OC-70
Vintage Taupe,2110-70
Opal,OC-73
Colonial Cream,OC-77
Parchment,OC-78
Onyx White,OC-74
Pristine,OC-75
Old Country,OC-76
Brandy Cream,OC-4
Butter Pecan,OC-89
Bare,OC-98
Capri Coast,OC-87
Evening White,OC-81
Antique White,OC-83
Old Fashioned Peach,OC-79
Pirates Cove Beach,OC-80
Cream Froth,OC-97
Sugar Cookie,OC-93
Ivory Tusk,OC-91
Devon Cream,OC-102
Pompeii,OC-82
Desolate,OC-101
Crème Caramel,OC-84
White Blush,OC-86
Collector's Item,AF-45
Indian White,OC-88
Deserted Island,OC-99
Lambskin,OC-3
Muslin,OC-12
Cedar Key,OC-16
Timid White,OC-39
Feather Down,OC-6
Maritime White,OC-5
Sail Cloth,OC-142
Creamy White,OC-7
White Sand,OC-10
Clay Beige,OC-11
Linen White,OC-146
Navajo White,OC-95
Albescent,OC-40
Natural Wicker,OC-1
Palace White,OC-100
Gentle Cream,OC-96
Pale Almond,OC-2
White Opulence,OC-69
Alabaster,OC-129
Gardenia,AF-10
Pink Damask,OC-72
Sand Dollar,OC-71
Whitewater Bay,OC-70
Vintage Taupe,2110-70
Opal,OC-73
Colonial Cream,OC-77
Parchment,OC-78
Onyx White,OC-74
Pristine,OC-75
Old Country,OC-76
Brandy Cream,OC-4
Butter Pecan,OC-89
Bare,OC-98
Capri Coast,OC-87
Evening White,OC-81
Antique White,OC-83
Old Fashioned Peach,OC-79
Pirates Cove Beach,OC-80
Cream Froth,OC-97
Sugar Cookie,OC-93
Ivory Tusk,OC-91
Devon Cream,OC-102
Pompeii,OC-82
Desolate,OC-101
Crème Caramel,OC-84
White Blush,OC-86
Collector's Item,AF-45
Indian White,OC-88
Deserted Island,OC-99
Lambskin,OC-3
Muslin,OC-12
Cedar Key,OC-16
Timid White,OC-39
Feather Down,OC-6
Maritime White,OC-5
Sail Cloth,OC-142
Creamy White,OC-7
White Sand,OC-10
Clay Beige,OC-11
Linen White,OC-146
Navajo White,OC-95
Albescent,OC-40
Natural Wicker,OC-1
Palace White,OC-100
Gentle Cream,OC-96
Pale Almond,OC-2
White Opulence,OC-69
Alabaster,OC-129
Gardenia,AF-10
Pink Damask,OC-72
Sand Dollar,OC-71
Whitewater Bay,OC-70
Vintage Taupe,2110-70
Opal,OC-73
Colonial Cream,OC-77
Parchment,OC-78
Onyx White,OC-74
Pristine,OC-75
Old Country,OC-76
Brandy Cream,OC-4
Butter Pecan,OC-89
Bare,OC-98
Capri Coast,OC-87
Evening White,OC-81
Antique White,OC-83
Old Fashioned Peach,OC-79
Pirates Cove Beach,OC-80
Cream Froth,OC-97
Sugar Cookie,OC-93
Ivory Tusk,OC-91
Devon Cream,OC-102
Pompeii,OC-82
Desolate,OC-101
Crème Caramel,OC-84
White Blush,OC-86
Collector's Item,AF-45
Indian White,OC-88
Deserted Island,OC-99
Lambskin,OC-3
Muslin,OC-12
Cedar Key,OC-16
Timid White,OC-39
Feather Down,OC-6
Maritime White,OC-5
Sail Cloth,OC-142
Creamy White,OC-7
White Sand,OC-10
Clay Beige,OC-11
Linen White,OC-146
Navajo White,OC-95
Albescent,OC-40
Natural Wicker,OC-1
Palace White,OC-100
Gentle Cream,OC-96
Pale Almond,OC-2
White Opulence,OC-69
Alabaster,OC-129
Gardenia,AF-10
Pink Damask,OC-72
Sand Dollar,OC-71
Whitewater Bay,OC-70
Vintage Taupe,2110-70
Opal,OC-73
Colonial Cream,OC-77
Parchment,OC-78
Onyx White,OC-74
Pristine,OC-75
Old Country,OC-76
Brandy Cream,OC-4
Butter Pecan,OC-89
Bare,OC-98
Capri Coast,OC-87
Evening White,OC-81
Antique White,OC-83
Old Fashioned Peach,OC-79
Pirates Cove Beach,OC-80
Cream Froth,OC-97
Sugar Cookie,OC-93
Ivory Tusk,OC-91
Devon Cream,OC-102
Pompeii,OC-82
Desolate,OC-101
Crème Caramel,OC-84
White Blush,OC-86
Collector's Item,AF-45
Indian White,OC-88
Deserted Island,OC-99
Lambskin,OC-3
Muslin,OC-12
Cedar Key,OC-16
Timid White,OC-39
Feather Down,OC-6
Maritime White,OC-5
Sail Cloth,OC-142
Creamy White,OC-7
White Sand,OC-10
Clay Beige,OC-11
Linen White,OC-146
Navajo White,OC-95
Albescent,OC-40
Natural Wicker,OC-1
Palace White,OC-100
Gentle Cream,OC-96
Pale Almond,OC-2
White Opulence,OC-69
Alabaster,OC-129
Gardenia,AF-10
Pink Damask,OC-72
Sand Dollar,OC-71
Whitewater Bay,OC-70
Vintage Taupe,2110-70
Opal,OC-73
Colonial Cream,OC-77
Parchment,OC-78
Onyx White,OC-74
Pristine,OC-75
Old Country,OC-76
Brandy Cream,OC-4
Butter Pecan,OC-89
Bare,OC-98
Capri Coast,OC-87
Evening White,OC-81
Antique White,OC-83
Old Fashioned Peach,OC-79
Pirates Cove Beach,OC-80
Cream Froth,OC-97
Sugar Cookie,OC-93
Ivory Tusk,OC-91
Devon Cream,OC-102
Pompeii,OC-82
Desolate,OC-101
Crème Caramel,OC-84
White Blush,OC-86
Collector's Item,AF-45
Indian White,OC-88
Deserted Island,OC-99
Lambskin,OC-3
Muslin,OC-12
Cedar Key,OC-16
Timid White,OC-39
Feather Down,OC-6
Maritime White,OC-5
Sail Cloth,OC-142
Creamy White,OC-7
White Sand,OC-10
Clay Beige,OC-11
Linen White,OC-146
Navajo White,OC-95
Albescent,OC-40
Natural Wicker,OC-1
Palace White,OC-100
Gentle Cream,OC-96
Pale Almond,OC-2
White Opulence,OC-69
Alabaster,OC-129
Gardenia,AF-10
Pink Damask,OC-72
Sand Dollar,OC-71
Whitewater Bay,OC-70
Vintage Taupe,2110-70
Opal,OC-73
Colonial Cream,OC-77
Parchment,OC-78
Onyx White,OC-74
Pristine,OC-75
Old Country,OC-76
Brandy Cream,OC-4
Butter Pecan,OC-89
Bare,OC-98
Capri Coast,OC-87
Evening White,OC-81
Antique White,OC-83
Old Fashioned Peach,OC-79
Pirates Cove Beach,OC-80
Cream Froth,OC-97
Sugar Cookie,OC-93
Ivory Tusk,OC-91
Devon Cream,OC-102
Pompeii,OC-82
Desolate,OC-101
Crème Caramel,OC-84
White Blush,OC-86
Collector's Item,AF-45
Indian White,OC-88
Deserted Island,OC-99
Lambskin,OC-3
Muslin,OC-12
Cedar Key,OC-16
Timid White,OC-39
Feather Down,OC-6
Maritime White,OC-5
Sail Cloth,OC-142
Creamy White,OC-7
White Sand,OC-10
Clay Beige,OC-11
Linen White,OC-146
Navajo White,OC-95
Albescent,OC-40
Natural Wicker,OC-1
Palace White,OC-100
Gentle Cream,OC-96
Pale Almond,OC-2
White Opulence,OC-69
Alabaster,OC-129
Gardenia,AF-10
Pink Damask,OC-72
Sand Dollar,OC-71
Whitewater Bay,OC-70
Vintage Taupe,2110-70
Opal,OC-73
Colonial Cream,OC-77
Parchment,OC-78
Onyx White,OC-74
Pristine,OC-75
Old Country,OC-76
Brandy Cream,OC-4
Butter Pecan,OC-89
Bare,OC-98
Capri Coast,OC-87
Evening White,OC-81
Antique White,OC-83
Old Fashioned Peach,OC-79
Pirates Cove Beach,OC-80
Cream Froth,OC-97
Sugar Cookie,OC-93
Ivory Tusk,OC-91
Devon Cream,OC-102
Pompeii,OC-82
Desolate,OC-101
Crème Caramel,OC-84
White Blush,OC-86
Collector's Item,AF-45
Indian White,OC-88
Deserted Island,OC-99
Lambskin,OC-3
Muslin,OC-12
Cedar Key,OC-16
Timid White,OC-39
Feather Down,OC-6
Maritime White,OC-5
Sail Cloth,OC-142
Creamy White,OC-7
White Sand,OC-10
Clay Beige,OC-11
Linen White,OC-146
Navajo White,OC-95
Albescent,OC-40
Natural Wicker,OC-1
Palace White,OC-100
Gentle Cream,OC-96
Pale Almond,OC-2
White Opulence,OC-69
Alabaster,OC-129
Gardenia,AF-10
Pink Damask,OC-72
Sand Dollar,OC-71
Whitewater Bay,OC-70
Vintage Taupe,2110-70
Opal,OC-73
Colonial Cream,OC-77
Parchment,OC-78
Onyx White,OC-74
Pristine,OC-75
Old Country,OC-76
Brandy Cream,OC-4
Butter Pecan,OC-89
Bare,OC-98
Capri Coast,OC-87
Evening White,OC-81
Antique White,OC-83
Old Fashioned Peach,OC-79
Pirates Cove Beach,OC-80
Cream Froth,OC-97
Sugar Cookie,OC-93
Ivory Tusk,OC-91
Devon Cream,OC-102
Pompeii,OC-82
Desolate,OC-101
Crème Caramel,OC-84
White Blush,OC-86
Collector's Item,AF-45
Indian White,OC-88
Deserted Island,OC-99
Lambskin,OC-3
Muslin,OC-12
Cedar Key,OC-16
Timid White,OC-39
Feather Down,OC-6
Maritime White,OC-5
Sail Cloth,OC-142
Creamy White,OC-7
White Sand,OC-10
Clay Beige,OC-11
Linen White,OC-146
Navajo White,OC-95
Albescent,OC-40
Natural Wicker,OC-1
Palace White,OC-100
Gentle Cream,OC-96
Pale Almond,OC-2
White Opulence,OC-69
Alabaster,OC-129
Gardenia,AF-10
Pink Damask,OC-72
Sand Dollar,OC-71
Whitewater Bay,OC-70
Vintage Taupe,2110-70
Opal,OC-73
Colonial Cream,OC-77
Parchment,OC-78
Onyx White,OC-74
Pristine,OC-75
Old Country,OC-76
Brandy Cream,OC-4
Butter Pecan,OC-89
Bare,OC-98
Capri Coast,OC-87
Evening White,OC-81
Antique White,OC-83
Old Fashioned Peach,OC-79
Pirates Cove Beach,OC-80
Cream Froth,OC-97
Sugar Cookie,OC-93
Ivory Tusk,OC-91
Devon Cream,OC-102
Pompeii,OC-82
Desolate,OC-101
Crème Caramel,OC-84
White Blush,OC-86
Collector's Item,AF-45
Indian White,OC-88
Deserted Island,OC-99
Lambskin,OC-3
Muslin,OC-12
Cedar Key,OC-16
Timid White,OC-39
Feather Down,OC-6
Maritime White,OC-5
Sail Cloth,OC-142
Creamy White,OC-7
White Sand,OC-10
Clay Beige,OC-11
Linen White,OC-146
Navajo White,OC-95
Albescent,OC-40
Natural Wicker,OC-1
Palace White,OC-100
Gentle Cream,OC-96
Pale Almond,OC-2
White Opulence,OC-69
Alabaster,OC-129
Gardenia,AF-10
Pink Damask,OC-72
Sand Dollar,OC-71
Whitewater Bay,OC-70
Vintage Taupe,2110-70
Opal,OC-73
Colonial Cream,OC-77
Parchment,OC-78
Onyx White,OC-74
Pristine,OC-75
Old Country,OC-76
Brandy Cream,OC-4
Butter Pecan,OC-89
Bare,OC-98
Capri Coast,OC-87
Evening White,OC-81
Antique White,OC-83
Old Fashioned Peach,OC-79
Pirates Cove Beach,OC-80
Cream Froth,OC-97
Sugar Cookie,OC-93
Ivory Tusk,OC-91
Devon Cream,OC-102
Pompeii,OC-82
Desolate,OC-101
Crème Caramel,OC-84
White Blush,OC-86
Collector's Item,AF-45
Indian White,OC-88
Deserted Island,OC-99
Lambskin,OC-3
Muslin,OC-12
Cedar Key,OC-16
Timid White,OC-39
Feather Down,OC-6
Maritime White,OC-5
Sail Cloth,OC-142
Creamy White,OC-7
White Sand,OC-10
Clay Beige,OC-11
Linen White,OC-146
Navajo White,OC-95
Albescent,OC-40
Natural Wicker,OC-1
Palace White,OC-100
Gentle Cream,OC-96
Pale Almond,OC-2
